user_id,product_id,quantity,total_price,purchase_date
U0369,P0003,2,2218.56,2025-09-18
U0180,P0029,2,146.76,2025-06-28
U0083,P0119,4,7220.36,2025-04-14
U0106,P0110,3,565.95,2025-11-25
U0041,P0081,5,1675.6,2025-10-28
U0470,P0135,5,1980.45,2025-06-12
U0431,P0146,3,164.37,2025-05-16
U0202,P0090,3,169.08,2025-08-26
U0337,P0112,2,410.12,2025-10-24
U0498,P0085,3,117.36,2025-10-27
U0382,P0057,3,837.63,2025-03-27
U0132,P0019,3,174.0,2025-05-16
U0063,P0102,5,622.45,2025-05-21
U0302,P0063,5,351.1,2025-11-21
U0427,P0181,3,972.36,2025-11-04
U0297,P0116,3,291.72,2025-11-30
U0295,P0070,4,368.84,2025-11-10
U0009,P0135,5,1980.45,2025-12-28
U0075,P0058,1,244.37,2025-05-26
U0169,P0129,4,729.16,2026-01-19
U0310,P0186,4,278.96,2025-12-04
U0295,P0172,5,537.15,2025-05-01
U0395,P0134,5,2299.3,2025-11-07
U0052,P0064,2,92.76,2026-01-31
U0496,P0003,5,5546.4,2025-08-09
U0067,P0016,2,180.78,2026-01-26
U0441,P0123,1,57.29,2025-07-23
U0168,P0078,5,4111.65,2025-09-28
U0099,P0074,4,1903.92,2025-09-17
U0173,P0121,5,3351.1,2026-01-17
U0440,P0200,2,257.46,2026-03-06
U0126,P0003,1,1109.28,2025-10-22
U0143,P0146,4,219.16,2025-10-21
U0196,P0017,2,98.9,2025-05-17
U0115,P0146,1,54.79,2026-03-11
U0073,P0189,3,96.84,2026-01-30
U0070,P0200,1,128.73,2025-12-11
U0376,P0119,3,5415.27,2025-09-05
U0443,P0092,5,1327.85,2025-03-29
U0305,P0101,2,394.0,2025-10-07
U0299,P0087,4,1048.24,2026-03-24
U0285,P0111,1,37.38,2025-06-05
U0313,P0056,1,1511.48,2025-11-12
U0362,P0093,5,72.7,2025-10-24
U0097,P0067,3,1019.7,2025-09-03
U0199,P0057,1,279.21,2026-02-16
U0115,P0139,5,1713.4,2025-09-17
U0025,P0053,3,3425.31,2025-12-22
U0098,P0105,2,16.66,2025-04-16
U0380,P0035,1,287.04,2025-11-18
U0100,P0080,4,492.48,2025-10-27
U0094,P0068,4,5933.44,2025-12-09
U0336,P0028,1,4.12,2025-10-22
U0119,P0170,4,85.64,2025-06-02
U0213,P0130,4,358.68,2025-06-22
U0426,P0008,1,671.18,2025-06-16
U0406,P0167,3,5183.58,2025-03-27
U0363,P0037,5,1423.05,2025-11-02
U0196,P0193,5,2111.65,2026-02-28
U0079,P0168,1,1776.66,2025-04-28
U0340,P0125,4,799.68,2025-10-30
U0033,P0120,3,1536.15,2025-12-19
U0020,P0078,2,1644.66,2025-10-13
U0030,P0040,2,91.34,2025-06-24
U0407,P0094,1,182.57,2026-01-01
U0083,P0144,5,675.9,2025-11-02
U0217,P0101,3,591.0,2025-12-23
U0230,P0193,3,1266.99,2026-01-03
U0102,P0052,2,37.96,2025-07-02
U0079,P0160,2,96.36,2026-03-21
U0070,P0005,2,1968.02,2025-10-07
U0206,P0147,1,315.34,2025-12-05
U0105,P0003,2,2218.56,2026-03-14
U0113,P0051,3,310.11,2025-08-28
U0240,P0113,1,37.35,2025-04-05
U0063,P0172,4,429.72,2025-08-04
U0187,P0003,4,4437.12,2025-08-19
U0073,P0199,4,439.6,2025-05-17
U0313,P0089,3,510.9,2025-11-18
U0461,P0192,1,1515.96,2025-12-27
U0143,P0165,3,4172.58,2025-12-08
U0029,P0021,2,1708.76,2025-11-27
U0377,P0149,5,2383.6,2025-11-13
U0418,P0125,2,399.84,2025-11-25
U0015,P0056,3,4534.44,2026-01-17
U0024,P0033,5,469.75,2025-10-25
U0235,P0018,5,197.45,2026-03-17
U0047,P0117,2,67.68,2026-01-01
U0339,P0034,3,173.79,2026-02-27
U0452,P0096,1,17.27,2025-08-13
U0417,P0185,4,287.6,2025-11-13
U0339,P0140,4,326.24,2026-02-01
U0426,P0122,4,117.84,2025-10-12
U0423,P0067,4,1359.6,2026-01-30
U0319,P0154,2,111.5,2025-11-10
U0026,P0099,3,2365.68,2025-05-02
U0278,P0059,5,1834.4,2025-08-12
U0079,P0174,4,4547.76,2025-05-07
U0076,P0087,5,1310.3,2026-02-21
U0093,P0040,3,137.01,2025-05-23
U0021,P0150,3,67.86,2025-09-09
U0202,P0195,5,594.35,2025-11-01
U0365,P0066,5,338.2,2026-01-09
U0485,P0064,4,185.52,2025-11-18
U0322,P0049,4,1456.92,2025-06-05
U0394,P0020,2,696.88,2026-02-02
U0067,P0022,1,26.26,2026-03-01
U0062,P0136,4,759.48,2025-07-06
U0022,P0061,3,130.92,2025-04-07
U0284,P0107,5,827.9,2026-02-28
U0343,P0019,4,232.0,2026-02-28
U0442,P0125,3,599.76,2025-04-04
U0019,P0162,2,1597.52,2025-05-23
U0078,P0091,1,37.32,2025-05-29
U0498,P0159,5,4436.4,2025-11-17
U0356,P0091,2,74.64,2025-05-23
U0163,P0189,1,32.28,2025-07-16
U0053,P0045,2,64.7,2026-01-12
U0464,P0127,4,133.76,2025-11-15
U0128,P0057,5,1396.05,2025-08-05
U0094,P0042,1,46.44,2025-09-22
U0439,P0075,2,23.16,2026-01-11
U0058,P0097,2,246.7,2025-09-14
U0348,P0083,3,46.11,2025-05-27
U0451,P0166,4,539.88,2025-12-17
U0466,P0050,1,34.74,2025-04-05
U0277,P0051,2,206.74,2025-10-28
U0151,P0078,4,3289.32,2026-03-16
U0157,P0129,5,911.45,2025-07-13
U0261,P0154,5,278.75,2025-10-07
U0007,P0070,4,368.84,2026-03-15
U0412,P0043,1,37.23,2025-09-15
U0315,P0175,4,295.24,2025-07-09
U0351,P0090,1,56.36,2025-05-16
U0393,P0081,2,670.24,2025-04-10
U0230,P0128,3,2251.95,2025-05-10
U0360,P0047,4,1168.84,2025-08-19
U0325,P0169,2,3135.84,2026-01-03
U0486,P0154,3,167.25,2025-08-25
U0120,P0069,2,270.72,2025-08-06
U0472,P0128,4,3002.6,2025-10-13
U0407,P0044,2,263.14,2025-09-23
U0291,P0040,1,45.67,2025-08-23
U0042,P0103,3,542.73,2025-06-21
U0043,P0037,5,1423.05,2026-01-16
U0015,P0168,3,5329.98,2025-06-05
U0372,P0041,2,246.76,2025-05-26
U0147,P0030,1,28.31,2025-10-11
U0474,P0197,4,347.96,2025-12-04
U0022,P0039,5,308.7,2025-10-14
U0162,P0194,5,76.55,2025-09-01
U0120,P0112,2,410.12,2025-07-31
U0343,P0185,2,143.8,2025-04-29
U0210,P0045,5,161.75,2025-10-25
U0341,P0196,2,979.5,2026-03-04
U0221,P0097,1,123.35,2025-10-05
U0340,P0067,5,1699.5,2025-07-05
U0014,P0166,5,674.85,2025-10-03
U0050,P0050,2,69.48,2026-01-30
U0115,P0168,5,8883.3,2026-03-05
U0023,P0070,5,461.05,2025-06-25
U0437,P0058,2,488.74,2026-02-21
U0420,P0165,1,1390.86,2025-12-25
U0436,P0039,1,61.74,2025-12-27
U0401,P0020,3,1045.32,2025-10-25
U0262,P0170,1,21.41,2025-03-26
U0191,P0138,2,894.74,2025-08-15
U0279,P0107,5,827.9,2025-07-13
U0206,P0077,1,184.58,2026-01-31
U0391,P0150,1,22.62,2025-06-27
U0168,P0068,5,7416.8,2025-06-23
U0030,P0100,3,1326.09,2025-10-20
U0385,P0035,1,287.04,2026-03-04
U0407,P0100,2,884.06,2025-06-07
U0476,P0129,4,729.16,2025-08-11
U0327,P0135,4,1584.36,2025-11-20
U0426,P0081,5,1675.6,2025-10-09
U0398,P0189,4,129.12,2025-05-03
U0206,P0073,4,502.04,2025-10-17
U0397,P0191,1,23.6,2025-05-24
U0223,P0186,2,139.48,2025-12-04
U0152,P0169,2,3135.84,2026-01-27
U0313,P0037,4,1138.44,2026-01-10
U0092,P0020,2,696.88,2025-12-22
U0009,P0079,1,437.59,2026-03-02
U0146,P0042,5,232.2,2025-11-16
U0273,P0056,1,1511.48,2025-11-01
U0376,P0125,5,999.6,2025-06-08
U0396,P0180,1,88.25,2026-02-07
U0242,P0158,4,156.64,2026-01-06
U0423,P0195,4,475.48,2025-05-28
U0313,P0153,5,1686.7,2025-11-03
U0295,P0177,5,75.0,2026-02-04
U0334,P0042,5,232.2,2025-04-02
U0102,P0029,5,366.9,2026-03-15
U0030,P0057,4,1116.84,2025-08-21
U0210,P0006,2,131.06,2025-03-29
U0002,P0016,1,90.39,2025-09-28
U0480,P0051,2,206.74,2025-06-22
U0173,P0050,5,173.7,2025-09-04
U0097,P0025,1,8.81,2025-10-12
U0324,P0012,3,132.45,2025-12-24
U0139,P0063,5,351.1,2025-11-25
U0282,P0182,1,381.3,2025-09-25
U0284,P0177,2,30.0,2025-08-24
U0432,P0158,2,78.32,2025-04-22
U0399,P0145,5,763.2,2026-02-22
U0031,P0116,4,388.96,2025-06-25
U0358,P0111,2,74.76,2025-08-03
U0388,P0112,2,410.12,2025-11-29
U0091,P0143,2,120.4,2025-07-12
U0313,P0099,2,1577.12,2025-12-06
U0418,P0124,4,2235.48,2026-02-11
U0259,P0087,1,262.06,2025-05-06
U0494,P0139,4,1370.72,2025-12-25
U0204,P0117,1,33.84,2025-11-19
U0223,P0142,3,2880.69,2026-01-29
U0001,P0020,2,696.88,2026-01-05
U0340,P0130,2,179.34,2025-12-13
U0461,P0058,5,1221.85,2026-01-06
U0051,P0173,5,2349.5,2025-07-08
U0375,P0058,3,733.11,2025-12-20
U0237,P0189,5,161.4,2026-02-21
U0271,P0123,3,171.87,2025-03-28
U0481,P0196,1,489.75,2025-08-30
U0488,P0124,4,2235.48,2025-09-09
U0049,P0167,1,1727.86,2025-08-21
U0387,P0162,3,2396.28,2025-06-01
U0086,P0002,5,466.3,2025-07-01
U0052,P0168,3,5329.98,2025-11-19
U0395,P0020,5,1742.2,2026-01-19
U0240,P0156,4,2460.64,2025-08-28
U0060,P0118,5,666.9,2025-04-04
U0057,P0091,5,186.6,2025-08-23
U0297,P0137,2,34.94,2025-06-21
U0355,P0077,3,553.74,2025-04-21
U0255,P0046,1,187.29,2026-01-07
U0360,P0101,4,788.0,2025-09-18
U0357,P0103,5,904.55,2025-09-10
U0392,P0044,5,657.85,2025-09-25
U0295,P0025,2,17.62,2025-10-11
U0230,P0053,3,3425.31,2025-05-14
U0260,P0152,5,1229.2,2026-01-01
U0176,P0084,2,20.42,2025-05-21
U0140,P0172,4,429.72,2025-05-08
U0326,P0003,4,4437.12,2025-10-24
U0454,P0035,5,1435.2,2025-05-18
U0012,P0114,3,142.65,2025-05-08
U0244,P0037,5,1423.05,2025-08-27
U0217,P0152,3,737.52,2026-02-21
U0392,P0113,5,186.75,2025-05-13
U0203,P0125,1,199.92,2025-06-11
U0002,P0142,5,4801.15,2025-08-03
U0158,P0176,4,56.4,2025-11-15
U0287,P0091,5,186.6,2025-06-06
U0146,P0104,3,33.36,2026-02-15
U0489,P0131,2,423.9,2025-05-18
U0411,P0130,3,269.01,2026-01-27
U0211,P0119,2,3610.18,2025-10-29
U0430,P0118,5,666.9,2025-05-07
U0176,P0053,4,4567.08,2025-06-01
U0275,P0137,1,17.47,2025-09-12
U0150,P0199,5,549.5,2025-06-25
U0015,P0068,3,4450.08,2025-10-15
U0006,P0155,2,984.42,2025-04-20
U0328,P0132,4,6703.04,2026-03-20
U0168,P0044,1,131.57,2026-03-09
U0084,P0103,2,361.82,2025-08-03
U0021,P0102,4,497.96,2025-10-28
U0284,P0155,1,492.21,2026-03-16
U0431,P0140,2,163.12,2025-11-07
U0274,P0065,3,358.59,2025-07-02
U0054,P0198,2,890.94,2026-03-25
U0285,P0139,5,1713.4,2025-06-14
U0098,P0171,1,404.99,2025-10-08
U0248,P0079,5,2187.95,2025-06-16
U0122,P0159,5,4436.4,2025-07-26
U0135,P0191,1,23.6,2025-06-15
U0178,P0107,2,331.16,2026-03-18
U0077,P0115,3,222.18,2026-03-19
U0025,P0001,2,1211.46,2026-03-02
U0348,P0089,4,681.2,2025-04-12
U0207,P0027,5,2086.15,2025-05-24
U0183,P0166,2,269.94,2026-03-17
U0467,P0092,4,1062.28,2025-10-27
U0050,P0143,3,180.6,2025-06-09
U0099,P0113,5,186.75,2025-04-19
U0433,P0076,4,1841.8,2025-08-08
U0292,P0014,5,4454.1,2025-07-23
U0468,P0185,1,71.9,2025-04-25
U0061,P0136,4,759.48,2026-01-02
U0213,P0165,1,1390.86,2026-03-10
U0058,P0162,2,1597.52,2025-08-19
U0191,P0177,1,15.0,2026-03-01
U0119,P0070,3,276.63,2025-10-21
U0487,P0065,2,239.06,2025-05-22
U0305,P0012,4,176.6,2025-07-21
U0141,P0171,3,1214.97,2025-08-21
U0287,P0103,3,542.73,2025-12-31
U0155,P0010,4,1867.6,2026-01-12
U0404,P0200,2,257.46,2026-01-25
U0166,P0089,5,851.5,2025-05-24
U0224,P0123,2,114.58,2025-10-15
U0478,P0109,2,281.0,2025-12-21
U0481,P0047,1,292.21,2025-05-18
U0005,P0085,2,78.24,2025-12-05
U0478,P0163,3,2487.96,2025-08-12
U0407,P0008,3,2013.54,2025-07-13
U0158,P0123,4,229.16,2025-10-21
U0278,P0074,3,1427.94,2025-09-16
U0306,P0058,5,1221.85,2025-08-14
U0168,P0044,1,131.57,2025-11-27
U0274,P0058,3,733.11,2026-03-22
U0251,P0021,2,1708.76,2025-10-29
U0171,P0187,3,821.76,2025-12-04
U0053,P0043,5,186.15,2026-02-25
U0002,P0190,2,3459.84,2025-09-05
U0066,P0169,2,3135.84,2026-02-07
U0477,P0018,4,157.96,2025-11-24
U0473,P0200,2,257.46,2025-05-05
U0497,P0119,4,7220.36,2026-01-04
U0218,P0198,3,1336.41,2025-06-24
U0329,P0140,2,163.12,2025-05-13
U0178,P0143,3,180.6,2025-03-26
U0346,P0083,5,76.85,2025-10-10
U0088,P0047,5,1461.05,2025-04-17
U0157,P0044,3,394.71,2026-01-13
U0365,P0081,1,335.12,2025-08-30
U0060,P0129,3,546.87,2025-07-18
U0189,P0158,1,39.16,2025-08-08
U0035,P0015,3,1125.21,2026-02-27
U0271,P0164,1,30.66,2025-09-21
U0158,P0154,1,55.75,2025-11-13
U0230,P0117,3,101.52,2025-11-08
U0242,P0059,3,1100.64,2025-05-03
U0110,P0092,2,531.14,2025-10-24
U0225,P0136,3,569.61,2026-01-27
U0427,P0119,1,1805.09,2025-09-24
U0298,P0077,5,922.9,2025-08-02
U0103,P0067,3,1019.7,2025-05-21
U0105,P0010,3,1400.7,2025-11-27
U0251,P0131,5,1059.75,2026-03-10
U0114,P0050,1,34.74,2025-06-27
U0112,P0108,1,808.45,2026-02-18
U0353,P0052,2,37.96,2025-04-30
U0267,P0154,2,111.5,2025-08-19
U0480,P0010,5,2334.5,2025-07-26
U0260,P0137,2,34.94,2025-06-13
U0035,P0091,2,74.64,2025-07-23
U0279,P0122,2,58.92,2026-03-21
U0147,P0143,4,240.8,2025-12-21
U0162,P0176,1,14.1,2025-10-16
U0093,P0032,4,260.96,2025-04-05
U0157,P0105,3,24.99,2025-04-21
U0109,P0084,2,20.42,2025-07-21
U0416,P0132,1,1675.76,2026-02-02
U0263,P0145,1,152.64,2025-09-24
U0218,P0176,4,56.4,2025-12-19
U0150,P0072,4,254.24,2025-07-14
U0045,P0189,4,129.12,2025-08-11
U0381,P0097,2,246.7,2025-05-26
U0415,P0102,5,622.45,2026-02-20
U0159,P0058,2,488.74,2025-09-04
U0070,P0151,5,267.3,2025-06-04
U0132,P0097,4,493.4,2025-11-11
U0498,P0088,1,34.62,2025-05-17
U0301,P0148,5,115.35,2026-03-11
U0354,P0010,1,466.9,2026-03-01
U0273,P0153,5,1686.7,2025-10-02
U0246,P0059,5,1834.4,2026-03-17
U0273,P0060,3,1208.85,2026-01-01
U0049,P0181,1,324.12,2025-06-22
U0305,P0105,5,41.65,2025-10-28
U0464,P0074,2,951.96,2025-04-26
U0151,P0100,3,1326.09,2025-07-05
U0398,P0133,3,315.24,2025-05-12
U0385,P0172,5,537.15,2025-08-03
U0299,P0095,4,1968.08,2025-12-28
U0288,P0095,4,1968.08,2025-10-08
U0326,P0182,5,1906.5,2025-09-28
U0387,P0134,2,919.72,2025-07-03
U0380,P0029,5,366.9,2026-02-27
U0092,P0037,1,284.61,2025-08-12
U0382,P0150,4,90.48,2025-06-23
U0312,P0170,1,21.41,2026-01-14
U0154,P0136,5,949.35,2025-12-19
U0328,P0156,4,2460.64,2026-02-12
U0237,P0004,3,928.47,2025-06-01
U0271,P0077,3,553.74,2025-10-08
U0416,P0026,3,1913.82,2025-12-10
U0218,P0128,2,1501.3,2025-07-01
U0201,P0134,1,459.86,2026-02-11
U0094,P0186,2,139.48,2025-05-03
U0016,P0054,5,219.95,2025-07-11
U0175,P0193,4,1689.32,2025-06-24
U0059,P0199,1,109.9,2025-06-03
U0126,P0157,4,624.04,2025-06-23
U0041,P0071,3,106.98,2025-06-03
U0006,P0006,5,327.65,2025-04-23
U0470,P0185,5,359.5,2025-05-07
U0434,P0043,1,37.23,2025-08-10
U0240,P0148,1,23.07,2025-09-17
U0162,P0038,5,175.85,2025-08-20
U0474,P0109,5,702.5,2025-12-09
U0114,P0096,1,17.27,2025-05-08
U0425,P0169,3,4703.76,2025-07-10
U0276,P0193,1,422.33,2025-07-31
U0493,P0192,1,1515.96,2025-04-17
U0164,P0050,2,69.48,2025-04-15
U0203,P0006,1,65.53,2026-01-22
U0295,P0062,5,441.7,2026-02-13
U0006,P0064,5,231.9,2026-01-20
U0437,P0147,4,1261.36,2025-10-19
U0069,P0166,3,404.91,2025-09-28
U0063,P0063,4,280.88,2026-03-04
U0294,P0016,5,451.95,2025-10-09
U0424,P0137,1,17.47,2025-07-11
U0368,P0032,1,65.24,2025-10-31
U0168,P0016,2,180.78,2025-10-23
U0109,P0183,4,575.68,2025-12-10
U0206,P0018,3,118.47,2025-04-03
U0408,P0136,4,759.48,2025-12-10
U0195,P0194,4,61.24,2026-01-13
U0469,P0113,1,37.35,2025-12-04
U0354,P0090,5,281.8,2025-05-23
U0206,P0146,2,109.58,2025-12-08
U0181,P0062,5,441.7,2026-02-23
U0361,P0002,3,279.78,2025-06-20
U0165,P0193,4,1689.32,2026-02-07
U0188,P0163,3,2487.96,2025-08-07
U0341,P0064,1,46.38,2025-04-26
U0172,P0099,4,3154.24,2025-11-23
U0300,P0125,5,999.6,2025-12-20
U0183,P0089,1,170.3,2026-02-02
U0195,P0075,2,23.16,2025-09-05
U0490,P0174,5,5684.7,2026-03-04
U0338,P0035,5,1435.2,2025-11-23
U0242,P0125,2,399.84,2025-08-04
U0015,P0041,5,616.9,2025-05-25
U0216,P0197,4,347.96,2025-08-28
U0003,P0088,2,69.24,2025-10-25
U0091,P0134,1,459.86,2025-09-13
U0414,P0066,3,202.92,2026-02-18
U0419,P0181,4,1296.48,2026-02-14
U0018,P0027,5,2086.15,2025-04-03
U0237,P0083,2,30.74,2025-10-05
U0275,P0163,3,2487.96,2025-08-28
U0425,P0068,1,1483.36,2025-09-15
U0494,P0032,1,65.24,2025-12-19
U0343,P0144,5,675.9,2026-03-25
U0070,P0126,2,1336.56,2026-03-21
U0136,P0037,4,1138.44,2025-08-23
U0107,P0109,2,281.0,2025-07-08
U0447,P0027,3,1251.69,2025-05-05
U0133,P0174,3,3410.82,2025-08-05
U0060,P0136,5,949.35,2025-11-28
U0304,P0082,2,171.42,2026-03-14
U0295,P0106,5,464.25,2026-03-03
U0215,P0127,4,133.76,2025-11-12
U0356,P0194,5,76.55,2025-05-09
U0495,P0178,1,75.05,2025-06-07
U0089,P0045,5,161.75,2025-06-24
U0391,P0072,5,317.8,2025-07-08
U0233,P0196,3,1469.25,2025-10-13
U0387,P0090,1,56.36,2025-03-29
U0122,P0197,3,260.97,2025-06-23
U0384,P0117,2,67.68,2025-07-17
U0064,P0117,3,101.52,2025-12-15
U0011,P0165,4,5563.44,2025-06-15
U0492,P0144,1,135.18,2026-01-30
U0388,P0099,3,2365.68,2026-03-08
U0104,P0079,2,875.18,2025-05-27
U0258,P0195,5,594.35,2026-02-20
U0260,P0127,2,66.88,2025-06-18
U0241,P0114,3,142.65,2025-07-06
U0114,P0188,2,189.44,2025-12-06
U0208,P0073,4,502.04,2025-08-07
U0008,P0065,1,119.53,2025-11-26
U0368,P0003,5,5546.4,2026-03-19
U0319,P0029,3,220.14,2025-12-17
U0263,P0164,4,122.64,2026-03-14
U0096,P0140,2,163.12,2025-09-04
U0069,P0090,3,169.08,2025-12-30
U0497,P0011,3,755.97,2026-02-19
U0336,P0044,2,263.14,2026-02-10
U0313,P0009,3,139.8,2025-08-07
U0237,P0035,1,287.04,2025-11-08
U0389,P0072,1,63.56,2026-03-15
U0029,P0182,4,1525.2,2025-04-06
U0303,P0181,3,972.36,2026-02-02
U0290,P0056,2,3022.96,2025-11-07
U0191,P0200,2,257.46,2025-06-16
U0330,P0020,1,348.44,2025-05-11
U0248,P0183,5,719.6,2025-10-18
U0051,P0163,2,1658.64,2026-01-11
U0385,P0071,5,178.3,2025-07-30
U0015,P0151,5,267.3,2025-07-25
U0078,P0191,4,94.4,2025-11-15
U0444,P0148,4,92.28,2025-12-11
U0094,P0046,3,561.87,2026-02-13
U0254,P0077,2,369.16,2025-12-21
U0149,P0004,3,928.47,2025-04-04
U0331,P0173,2,939.8,2025-12-27
U0215,P0026,1,637.94,2025-06-25
U0425,P0160,1,48.18,2026-03-07
U0099,P0079,4,1750.36,2025-06-29
U0221,P0026,4,2551.76,2025-12-05
U0026,P0122,1,29.46,2026-01-08
U0280,P0103,4,723.64,2025-04-04
U0335,P0044,1,131.57,2026-01-07
U0399,P0009,1,46.6,2025-05-25
U0172,P0200,2,257.46,2025-09-06
U0458,P0107,2,331.16,2026-02-18
U0293,P0093,2,29.08,2025-08-28
U0491,P0140,5,407.8,2026-03-10
U0006,P0087,4,1048.24,2025-07-25
U0310,P0081,1,335.12,2026-02-23
U0050,P0127,2,66.88,2026-01-15
U0171,P0145,1,152.64,2026-03-12
U0409,P0119,2,3610.18,2025-05-14
U0237,P0023,2,115.42,2026-03-08
U0336,P0116,2,194.48,2026-01-02
U0048,P0028,2,8.24,2025-06-22
U0417,P0098,5,92.95,2026-03-04
U0381,P0131,4,847.8,2026-02-15
U0336,P0100,4,1768.12,2026-01-12
U0096,P0031,1,980.0,2025-11-16
U0162,P0182,3,1143.9,2025-08-29
U0406,P0029,4,293.52,2026-01-28
U0292,P0043,5,186.15,2026-02-18
U0243,P0002,4,373.04,2025-11-14
U0157,P0063,4,280.88,2026-02-26
U0075,P0058,3,733.11,2025-10-26
U0439,P0034,2,115.86,2025-09-22
U0074,P0024,4,1821.84,2026-03-18
U0074,P0088,2,69.24,2025-12-06
U0467,P0151,3,160.38,2026-02-11
U0073,P0188,1,94.72,2025-05-31
U0140,P0079,4,1750.36,2025-07-26
U0453,P0047,4,1168.84,2025-05-14
U0012,P0054,2,87.98,2025-08-22
U0329,P0161,3,2163.48,2025-10-15
U0049,P0058,2,488.74,2025-07-28
U0210,P0021,4,3417.52,2025-05-21
U0419,P0077,5,922.9,2026-03-13
U0497,P0174,2,2273.88,2025-11-07
U0486,P0089,3,510.9,2025-05-30
U0277,P0090,1,56.36,2025-09-11
U0019,P0034,1,57.93,2026-01-30
U0295,P0171,1,404.99,2025-10-13
U0490,P0138,5,2236.85,2026-02-07
U0088,P0111,5,186.9,2025-08-30
U0388,P0180,3,264.75,2025-05-19
U0411,P0138,4,1789.48,2025-11-15
U0246,P0143,4,240.8,2025-07-05
U0346,P0108,2,1616.9,2025-12-06
U0238,P0098,1,18.59,2026-03-21
U0257,P0135,3,1188.27,2025-10-17
U0234,P0067,1,339.9,2025-07-07
U0384,P0060,4,1611.8,2025-04-23
U0286,P0023,5,288.55,2026-01-28
U0293,P0009,4,186.4,2025-10-27
U0318,P0146,2,109.58,2026-02-10
U0224,P0077,1,184.58,2026-02-28
U0207,P0147,5,1576.7,2025-12-12
U0202,P0156,2,1230.32,2025-12-14
U0403,P0084,2,20.42,2025-11-03
U0277,P0069,5,676.8,2025-08-14
U0139,P0115,1,74.06,2025-07-10
U0081,P0031,2,1960.0,2025-06-05
U0495,P0136,4,759.48,2025-10-13
U0141,P0111,2,74.76,2026-01-09
U0366,P0003,2,2218.56,2026-02-20
U0086,P0052,4,75.92,2025-04-08
U0481,P0191,2,47.2,2026-03-18
U0184,P0085,1,39.12,2025-12-09
U0390,P0056,1,1511.48,2026-02-22
U0011,P0005,5,4920.05,2025-07-03
U0193,P0064,3,139.14,2025-08-31
U0233,P0062,5,441.7,2026-01-28
U0314,P0002,1,93.26,2025-07-04
U0267,P0147,5,1576.7,2026-02-07
U0063,P0065,1,119.53,2025-08-30
U0409,P0001,1,605.73,2025-06-02
U0489,P0024,4,1821.84,2025-06-08
U0386,P0190,2,3459.84,2025-11-25
U0072,P0176,4,56.4,2025-12-12
U0479,P0117,5,169.2,2025-04-15
U0273,P0198,5,2227.35,2025-08-02
U0379,P0184,5,205.6,2026-03-03
U0199,P0003,5,5546.4,2025-10-04
U0154,P0140,1,81.56,2025-06-18
U0218,P0123,3,171.87,2025-09-08
U0126,P0011,1,251.99,2026-03-14
U0472,P0153,5,1686.7,2025-07-05
U0142,P0176,2,28.2,2025-11-18
U0223,P0031,1,980.0,2025-11-20
U0488,P0115,1,74.06,2026-02-04
U0268,P0022,3,78.78,2026-02-06
U0340,P0155,5,2461.05,2025-04-29
U0190,P0178,3,225.15,2025-10-08
U0257,P0037,5,1423.05,2025-10-18
U0077,P0005,2,1968.02,2025-05-04
U0134,P0171,1,404.99,2026-02-18
U0186,P0053,3,3425.31,2025-11-23
U0143,P0106,4,371.4,2026-03-10
U0229,P0083,4,61.48,2025-06-04
U0311,P0153,3,1012.02,2025-10-31
U0298,P0181,3,972.36,2025-08-30
U0222,P0114,2,95.1,2026-02-26
U0049,P0015,5,1875.35,2026-01-14
U0137,P0165,1,1390.86,2026-01-13
U0362,P0198,5,2227.35,2026-02-07
U0353,P0130,2,179.34,2026-01-14
U0335,P0057,5,1396.05,2025-08-09
U0306,P0197,3,260.97,2026-03-25
U0077,P0101,2,394.0,2026-03-08
U0272,P0089,5,851.5,2026-02-18
U0255,P0068,3,4450.08,2026-01-15
U0240,P0059,3,1100.64,2025-05-03
U0498,P0050,4,138.96,2025-10-17
U0082,P0057,3,837.63,2025-08-05
U0009,P0003,3,3327.84,2026-02-09
U0082,P0159,1,887.28,2025-06-12
U0487,P0036,5,36.85,2025-03-31
U0170,P0028,5,20.6,2026-01-25
U0352,P0108,1,808.45,2025-05-08
U0091,P0162,3,2396.28,2025-09-29
U0290,P0005,3,2952.03,2025-04-19
U0444,P0102,1,124.49,2026-03-09
U0032,P0119,5,9025.45,2025-12-27
U0113,P0015,3,1125.21,2025-08-19
U0210,P0007,1,84.05,2026-02-10
U0066,P0144,2,270.36,2025-07-01
U0074,P0118,1,133.38,2026-03-10
U0046,P0186,2,139.48,2025-12-13
U0463,P0033,5,469.75,2025-05-08
U0219,P0018,3,118.47,2026-02-08
U0065,P0008,3,2013.54,2025-06-26
U0367,P0096,1,17.27,2025-07-14
U0377,P0110,4,754.6,2025-10-10
U0115,P0198,3,1336.41,2025-10-17
U0196,P0186,1,69.74,2025-10-20
U0336,P0046,2,374.58,2025-08-12
U0215,P0057,3,837.63,2025-09-10
U0423,P0007,1,84.05,2025-05-11
U0046,P0086,2,715.26,2026-03-22
U0188,P0128,2,1501.3,2025-10-18
U0252,P0039,3,185.22,2025-11-25
U0180,P0143,4,240.8,2026-02-11
U0252,P0105,5,41.65,2025-12-29
U0084,P0082,1,85.71,2025-04-12
U0065,P0118,2,266.76,2025-09-05
U0232,P0001,5,3028.65,2025-09-06
U0434,P0108,4,3233.8,2025-09-27
U0478,P0179,4,1090.4,2026-01-06
U0439,P0034,3,173.79,2026-02-14
U0490,P0160,4,192.72,2025-08-28
U0437,P0140,4,326.24,2025-07-07
U0439,P0070,5,461.05,2025-10-26
U0243,P0120,1,512.05,2025-04-20
U0082,P0149,1,476.72,2025-05-02
U0107,P0093,1,14.54,2026-03-07
U0212,P0028,5,20.6,2025-10-21
U0257,P0145,4,610.56,2025-10-22
U0499,P0038,2,70.34,2025-11-25
U0161,P0070,2,184.42,2025-10-19
U0028,P0079,4,1750.36,2025-09-13
U0281,P0040,1,45.67,2026-01-07
U0045,P0087,4,1048.24,2025-11-16
U0310,P0189,3,96.84,2026-01-01
U0183,P0066,5,338.2,2025-12-27
U0009,P0103,3,542.73,2025-11-01
U0330,P0023,1,57.71,2026-02-02
U0344,P0182,5,1906.5,2025-07-16
U0397,P0051,5,516.85,2025-06-17
U0042,P0136,2,379.74,2025-07-31
U0128,P0001,4,2422.92,2025-11-26
U0158,P0058,3,733.11,2025-04-13
U0301,P0074,5,2379.9,2025-07-11
U0413,P0046,1,187.29,2025-06-28
U0265,P0071,5,178.3,2025-08-23
U0275,P0006,4,262.12,2025-08-30
U0133,P0199,1,109.9,2025-09-29
U0434,P0026,1,637.94,2026-03-03
U0094,P0024,2,910.92,2025-09-17
U0160,P0051,3,310.11,2026-02-11
U0411,P0186,2,139.48,2025-11-19
U0442,P0008,1,671.18,2025-03-28
U0206,P0014,3,2672.46,2025-05-17
U0381,P0136,4,759.48,2026-03-23
U0422,P0062,4,353.36,2026-01-12
U0052,P0183,5,719.6,2025-09-09
U0028,P0015,2,750.14,2026-01-01
U0032,P0179,2,545.2,2026-01-31
U0305,P0115,5,370.3,2025-05-26
U0319,P0155,1,492.21,2026-02-12
U0046,P0071,1,35.66,2026-03-19
U0108,P0077,4,738.32,2026-01-25
U0124,P0028,4,16.48,2026-02-03
U0302,P0120,5,2560.25,2025-08-25
U0024,P0200,1,128.73,2025-05-07
U0388,P0100,2,884.06,2025-09-25
U0351,P0184,5,205.6,2026-02-27
U0370,P0130,3,269.01,2026-02-03
U0298,P0166,3,404.91,2025-05-04
U0239,P0135,3,1188.27,2025-09-20
U0472,P0003,1,1109.28,2026-02-14
U0106,P0113,3,112.05,2025-12-01
U0173,P0136,2,379.74,2025-03-29
U0062,P0006,4,262.12,2025-12-30
U0286,P0136,4,759.48,2025-07-01
U0382,P0001,4,2422.92,2026-01-14
U0400,P0120,5,2560.25,2026-02-25
U0367,P0059,4,1467.52,2026-01-27
U0485,P0107,1,165.58,2025-08-19
U0015,P0142,5,4801.15,2026-01-28
U0399,P0158,4,156.64,2026-01-05
U0067,P0052,5,94.9,2025-05-28
U0325,P0099,3,2365.68,2025-07-22
U0252,P0199,1,109.9,2025-06-24
U0102,P0125,3,599.76,2025-11-29
U0021,P0115,4,296.24,2025-06-12
U0443,P0028,1,4.12,2025-12-22
U0409,P0074,5,2379.9,2026-03-18
U0345,P0186,5,348.7,2025-09-19
U0402,P0091,4,149.28,2025-07-12
U0017,P0004,2,618.98,2025-04-26
U0132,P0172,3,322.29,2025-12-16
U0409,P0197,2,173.98,2025-12-06
U0449,P0102,2,248.98,2026-01-01
U0497,P0032,4,260.96,2025-05-30
U0020,P0099,5,3942.8,2025-04-17
U0391,P0098,5,92.95,2025-09-26
U0434,P0117,3,101.52,2025-09-03
U0342,P0121,1,670.22,2025-09-07
U0411,P0114,3,142.65,2026-02-20
U0224,P0159,1,887.28,2025-11-20
U0296,P0094,2,365.14,2026-02-08
U0165,P0015,1,375.07,2025-08-29
U0459,P0077,2,369.16,2025-09-08
U0038,P0002,4,373.04,2026-03-21
U0112,P0051,3,310.11,2026-03-02
U0482,P0167,5,8639.3,2025-11-13
U0458,P0041,3,370.14,2025-12-07
U0360,P0192,1,1515.96,2025-05-12
U0276,P0057,5,1396.05,2026-01-14
U0148,P0139,3,1028.04,2025-07-11
U0034,P0057,1,279.21,2026-03-20
U0155,P0028,4,16.48,2025-05-22
U0415,P0020,1,348.44,2025-10-15
U0440,P0059,1,366.88,2026-01-09
U0052,P0095,1,492.02,2025-09-13
U0244,P0185,3,215.7,2025-06-17
U0199,P0179,3,817.8,2025-08-31
U0366,P0063,2,140.44,2025-04-18
U0445,P0158,3,117.48,2025-11-26
U0159,P0141,1,40.1,2026-02-06
U0002,P0084,1,10.21,2026-01-24
U0451,P0195,3,356.61,2025-07-13
U0216,P0067,2,679.8,2025-07-17
U0259,P0150,4,90.48,2026-01-22
U0164,P0121,2,1340.44,2025-06-16
U0173,P0083,1,15.37,2026-01-14
U0280,P0198,1,445.47,2025-08-08
U0465,P0127,3,100.32,2026-02-03
U0069,P0060,5,2014.75,2025-09-16
U0392,P0145,4,610.56,2025-07-09
U0051,P0088,3,103.86,2025-11-13
U0080,P0097,1,123.35,2025-04-16
U0416,P0154,4,223.0,2026-01-02
U0117,P0188,4,378.88,2026-03-16
U0079,P0076,3,1381.35,2025-08-15
U0389,P0189,3,96.84,2025-11-02
U0217,P0198,4,1781.88,2025-07-29
U0073,P0010,3,1400.7,2026-02-20
U0227,P0027,1,417.23,2025-08-02
U0105,P0016,5,451.95,2025-07-31
U0063,P0093,4,58.16,2025-11-11
U0387,P0167,4,6911.44,2025-06-26
U0329,P0193,2,844.66,2025-07-22
U0341,P0186,1,69.74,2025-12-05
U0051,P0125,3,599.76,2025-10-19
U0117,P0136,1,189.87,2025-12-20
U0455,P0114,3,142.65,2026-02-16
U0431,P0078,5,4111.65,2025-10-10
U0362,P0118,2,266.76,2025-09-10
U0026,P0042,5,232.2,2025-12-27
U0171,P0067,4,1359.6,2025-04-09
U0271,P0104,2,22.24,2025-08-07
U0096,P0143,5,301.0,2025-10-23
U0024,P0115,4,296.24,2025-08-18
U0129,P0035,1,287.04,2025-08-09
U0335,P0097,2,246.7,2026-01-11
U0245,P0018,2,78.98,2025-10-03
U0107,P0187,5,1369.6,2025-09-01
U0244,P0107,2,331.16,2025-09-23
U0310,P0033,2,187.9,2025-06-28
U0221,P0185,5,359.5,2025-07-25
U0311,P0014,4,3563.28,2025-04-16
U0356,P0008,3,2013.54,2025-07-04
U0471,P0134,4,1839.44,2025-05-27
U0348,P0060,2,805.9,2026-02-24
U0356,P0086,3,1072.89,2025-11-25
U0133,P0002,3,279.78,2026-03-12
U0352,P0135,5,1980.45,2026-01-10
U0243,P0052,5,94.9,2025-08-23
U0381,P0022,3,78.78,2025-05-24
U0438,P0116,4,388.96,2025-11-14
U0398,P0003,3,3327.84,2025-12-17
U0350,P0168,3,5329.98,2025-08-27
U0231,P0015,4,1500.28,2025-07-12
U0305,P0119,4,7220.36,2025-03-27
U0174,P0089,3,510.9,2026-01-03
U0224,P0020,5,1742.2,2025-03-30
U0442,P0008,2,1342.36,2025-06-29
U0133,P0038,2,70.34,2025-07-24
U0108,P0104,2,22.24,2025-08-04
U0374,P0053,2,2283.54,2026-02-23
U0362,P0046,2,374.58,2025-04-30
U0076,P0124,1,558.87,2026-01-30
U0390,P0020,4,1393.76,2025-09-17
U0334,P0126,4,2673.12,2025-05-19
U0062,P0126,1,668.28,2025-08-21
U0085,P0015,3,1125.21,2026-01-04
U0316,P0140,3,244.68,2026-01-26
U0148,P0069,5,676.8,2025-08-31
U0296,P0142,2,1920.46,2026-03-09
U0192,P0045,1,32.35,2025-08-20
U0490,P0149,1,476.72,2025-12-09
U0300,P0046,2,374.58,2026-03-10
U0461,P0047,4,1168.84,2025-06-07
U0407,P0141,1,40.1,2026-02-05
U0456,P0069,2,270.72,2025-04-12
U0204,P0069,4,541.44,2026-02-14
U0032,P0109,5,702.5,2026-03-13
U0445,P0019,4,232.0,2025-07-31
U0453,P0195,1,118.87,2025-12-05
U0413,P0021,4,3417.52,2025-12-16
U0229,P0200,1,128.73,2025-10-01
U0351,P0003,1,1109.28,2025-10-27
U0299,P0051,2,206.74,2025-12-21
U0212,P0118,2,266.76,2025-11-16
U0470,P0072,4,254.24,2025-06-03
U0115,P0029,4,293.52,2026-01-03
U0289,P0072,4,254.24,2025-08-16
U0124,P0143,1,60.2,2025-06-22
U0114,P0145,1,152.64,2025-09-03
U0388,P0084,3,30.63,2026-02-22
U0081,P0090,5,281.8,2025-05-16
U0419,P0141,3,120.3,2026-01-29
U0358,P0155,2,984.42,2025-05-20
U0116,P0033,4,375.8,2025-04-01
U0081,P0195,4,475.48,2025-12-23
U0277,P0023,2,115.42,2025-06-05
U0061,P0100,2,884.06,2025-09-28
U0334,P0013,3,429.81,2025-06-10
U0419,P0110,1,188.65,2026-01-20
U0426,P0111,4,149.52,2025-08-06
U0203,P0166,3,404.91,2025-12-28
U0233,P0043,5,186.15,2025-04-30
U0156,P0092,2,531.14,2025-05-28
U0251,P0068,5,7416.8,2025-05-09
U0301,P0096,1,17.27,2025-08-06
U0371,P0001,5,3028.65,2025-06-19
U0223,P0078,1,822.33,2025-08-23
U0384,P0127,3,100.32,2025-08-26
U0434,P0006,2,131.06,2026-03-03
U0280,P0003,1,1109.28,2025-06-09
U0492,P0044,5,657.85,2026-03-02
U0085,P0048,1,7.99,2025-09-16
U0398,P0077,2,369.16,2025-05-12
U0017,P0072,3,190.68,2025-06-21
U0294,P0009,5,233.0,2025-11-30
U0089,P0041,3,370.14,2025-12-17
U0127,P0053,2,2283.54,2026-03-22
U0491,P0043,2,74.46,2025-09-23
U0035,P0011,2,503.98,2025-09-15
U0464,P0167,3,5183.58,2025-09-30
U0437,P0016,1,90.39,2025-05-13
U0453,P0187,2,547.84,2025-10-04
U0146,P0085,1,39.12,2025-11-30
U0438,P0104,5,55.6,2025-07-10
U0417,P0142,5,4801.15,2025-10-31
U0356,P0054,5,219.95,2025-12-16
U0387,P0199,2,219.8,2025-12-17
U0449,P0042,3,139.32,2025-11-19
U0202,P0042,5,232.2,2025-08-19
U0068,P0002,5,466.3,2026-03-12
U0178,P0145,5,763.2,2025-04-29
U0119,P0032,2,130.48,2025-11-08
U0386,P0070,1,92.21,2026-01-02
U0451,P0149,1,476.72,2025-08-10
U0400,P0086,5,1788.15,2025-09-05
U0161,P0157,5,780.05,2025-05-15
U0069,P0015,1,375.07,2026-01-11
U0125,P0128,4,3002.6,2025-12-14
U0039,P0124,4,2235.48,2025-10-18
U0302,P0096,3,51.81,2026-01-03
U0034,P0004,4,1237.96,2025-12-22
U0305,P0199,3,329.7,2025-05-01
U0048,P0145,2,305.28,2025-08-08
U0176,P0160,1,48.18,2025-05-29
U0068,P0047,4,1168.84,2025-08-09
U0039,P0180,2,176.5,2026-02-02
U0247,P0096,2,34.54,2025-09-01
U0066,P0109,3,421.5,2025-07-26
U0164,P0039,5,308.7,2025-05-07
U0470,P0103,3,542.73,2025-09-10
U0053,P0037,1,284.61,2025-05-12
U0218,P0031,4,3920.0,2025-11-28
U0014,P0002,5,466.3,2025-05-26
U0082,P0169,5,7839.6,2025-11-08
U0162,P0036,3,22.11,2026-02-22
U0098,P0043,1,37.23,2026-02-21
U0182,P0177,2,30.0,2025-10-07
U0182,P0003,3,3327.84,2026-02-05
U0139,P0054,2,87.98,2026-02-02
U0298,P0164,1,30.66,2025-10-23
U0122,P0171,1,404.99,2025-07-04
U0436,P0114,4,190.2,2025-05-27
U0237,P0164,2,61.32,2025-11-12
U0239,P0155,2,984.42,2025-09-15
U0355,P0190,3,5189.76,2026-01-17
U0079,P0024,5,2277.3,2025-06-19
U0121,P0182,3,1143.9,2025-05-08
U0409,P0173,3,1409.7,2025-04-01
U0478,P0139,1,342.68,2025-05-27
U0093,P0189,1,32.28,2025-10-22
U0396,P0139,4,1370.72,2025-07-16
U0022,P0111,4,149.52,2025-05-05
U0196,P0148,2,46.14,2025-12-09
U0451,P0061,2,87.28,2025-05-28
U0302,P0143,4,240.8,2025-09-25
U0049,P0092,5,1327.85,2026-02-24
U0085,P0088,4,138.48,2025-06-21
U0341,P0075,4,46.32,2025-11-05
U0030,P0134,3,1379.58,2025-05-04
U0258,P0092,5,1327.85,2025-06-27
U0099,P0190,5,8649.6,2025-12-28
U0499,P0199,3,329.7,2025-04-01
U0224,P0182,4,1525.2,2026-01-15
U0208,P0045,1,32.35,2025-07-08
U0137,P0102,4,497.96,2026-01-20
U0338,P0150,2,45.24,2025-09-21
U0157,P0056,3,4534.44,2025-09-15
U0042,P0150,4,90.48,2025-12-29
U0285,P0041,2,246.76,2025-12-22
U0446,P0090,1,56.36,2026-01-30
U0274,P0047,3,876.63,2025-04-20
U0479,P0163,4,3317.28,2025-12-29
U0388,P0077,4,738.32,2025-12-27
U0283,P0106,2,185.7,2025-05-28
U0390,P0065,2,239.06,2025-04-29
U0007,P0024,2,910.92,2026-01-01
U0126,P0071,1,35.66,2025-10-29
U0292,P0147,2,630.68,2025-05-25
U0006,P0004,5,1547.45,2025-03-31
U0336,P0107,4,662.32,2025-12-28
U0426,P0178,4,300.2,2026-03-05
U0069,P0105,4,33.32,2026-03-25
U0135,P0088,1,34.62,2025-06-01
U0185,P0111,2,74.76,2025-12-21
U0035,P0123,3,171.87,2025-04-28
U0021,P0005,2,1968.02,2025-05-15
U0039,P0013,1,143.27,2025-06-04
U0113,P0063,3,210.66,2025-12-13
U0276,P0159,2,1774.56,2026-01-16
U0083,P0077,4,738.32,2026-02-06
U0045,P0152,2,491.68,2025-09-11
U0437,P0002,1,93.26,2025-08-23
U0495,P0006,5,327.65,2026-01-11
U0237,P0125,1,199.92,2025-10-12
U0205,P0072,4,254.24,2026-01-28
U0473,P0176,4,56.4,2026-02-25
U0243,P0112,2,410.12,2025-09-06
U0145,P0056,5,7557.4,2025-09-25
U0006,P0004,5,1547.45,2025-10-10
U0117,P0119,2,3610.18,2025-12-13
U0139,P0109,1,140.5,2025-08-10
U0423,P0109,2,281.0,2025-12-01
U0345,P0029,2,146.76,2025-12-14
U0403,P0106,1,92.85,2026-03-19
U0330,P0159,3,2661.84,2025-11-01
U0365,P0024,4,1821.84,2025-10-23
U0071,P0052,1,18.98,2025-09-07
U0179,P0071,3,106.98,2026-01-25
U0469,P0192,2,3031.92,2025-08-02
U0092,P0119,4,7220.36,2025-04-22
U0459,P0100,5,2210.15,2025-09-21
U0245,P0108,1,808.45,2025-08-21
U0440,P0178,2,150.1,2025-11-17
U0310,P0075,2,23.16,2025-05-10
U0500,P0012,3,132.45,2025-08-18
U0415,P0018,4,157.96,2025-10-09
U0440,P0088,1,34.62,2025-07-07
U0282,P0113,1,37.35,2026-02-09
U0428,P0127,5,167.2,2025-05-14
U0290,P0049,2,728.46,2025-10-23
U0358,P0047,1,292.21,2025-12-29
U0147,P0144,2,270.36,2025-08-10
U0158,P0069,3,406.08,2026-02-14
U0394,P0128,2,1501.3,2025-12-03
U0138,P0089,4,681.2,2025-10-05
U0408,P0051,5,516.85,2025-09-07
U0294,P0066,4,270.56,2025-06-07
U0390,P0003,2,2218.56,2025-09-23
U0448,P0076,5,2302.25,2025-09-17
U0382,P0058,4,977.48,2026-01-14
U0215,P0144,5,675.9,2026-03-04
U0144,P0177,4,60.0,2025-12-27
U0102,P0133,4,420.32,2025-03-29
U0137,P0017,1,49.45,2026-03-24
U0305,P0087,2,524.12,2025-07-12
U0448,P0087,3,786.18,2025-07-22
U0380,P0069,2,270.72,2026-02-07
U0201,P0186,3,209.22,2025-11-25
U0165,P0200,5,643.65,2025-05-21
U0009,P0009,5,233.0,2025-12-03
U0245,P0137,1,17.47,2025-11-11
U0345,P0110,1,188.65,2025-10-20
U0251,P0166,4,539.88,2026-02-05
U0151,P0057,4,1116.84,2025-07-10
U0490,P0134,3,1379.58,2025-11-04
U0109,P0118,1,133.38,2025-09-04
U0373,P0097,1,123.35,2025-06-21
U0386,P0116,3,291.72,2025-08-25
U0132,P0107,4,662.32,2026-01-17
U0348,P0100,2,884.06,2025-08-31
U0284,P0018,3,118.47,2025-04-22
U0153,P0178,1,75.05,2025-07-03
U0191,P0133,5,525.4,2025-06-06
U0018,P0016,2,180.78,2025-08-06
U0244,P0179,2,545.2,2025-06-03
U0432,P0029,1,73.38,2025-07-04
U0158,P0086,1,357.63,2025-04-02
U0233,P0167,5,8639.3,2025-09-09
U0011,P0075,2,23.16,2025-09-20
U0211,P0193,4,1689.32,2026-03-08
U0173,P0010,2,933.8,2025-03-29
U0127,P0114,3,142.65,2025-08-20
U0304,P0131,2,423.9,2025-12-07
U0014,P0102,4,497.96,2025-04-29
U0226,P0171,2,809.98,2026-03-14
U0419,P0104,4,44.48,2025-04-01
U0406,P0031,5,4900.0,2026-01-15
U0094,P0189,2,64.56,2025-08-22
U0211,P0122,5,147.3,2025-05-01
U0144,P0199,1,109.9,2025-05-15
U0009,P0198,5,2227.35,2025-08-06
U0261,P0166,5,674.85,2025-08-17
U0169,P0056,5,7557.4,2025-10-08
U0347,P0154,1,55.75,2025-09-08
U0242,P0193,2,844.66,2025-06-05
U0213,P0053,3,3425.31,2025-04-11
U0417,P0044,5,657.85,2025-04-04
U0317,P0129,4,729.16,2025-09-02
U0013,P0190,3,5189.76,2025-05-03
U0166,P0006,3,196.59,2025-06-06
U0071,P0036,1,7.37,2025-04-04
U0234,P0016,3,271.17,2025-04-28
U0439,P0144,4,540.72,2025-04-01
U0392,P0020,5,1742.2,2025-09-01
U0350,P0186,4,278.96,2026-03-10
U0209,P0101,2,394.0,2025-12-20
U0430,P0016,1,90.39,2025-09-01
U0391,P0042,5,232.2,2025-04-13
U0459,P0004,4,1237.96,2025-12-17
U0484,P0149,5,2383.6,2025-12-25
U0393,P0131,5,1059.75,2026-02-12
U0345,P0146,5,273.95,2026-01-03
U0252,P0031,5,4900.0,2026-01-06
U0215,P0180,3,264.75,2025-12-11
U0396,P0060,4,1611.8,2026-02-07
U0235,P0189,1,32.28,2025-06-25
U0217,P0079,5,2187.95,2025-11-11
U0088,P0104,5,55.6,2025-10-27
U0081,P0008,2,1342.36,2025-04-03
U0303,P0138,2,894.74,2026-02-09
U0346,P0198,2,890.94,2025-10-09
U0155,P0176,5,70.5,2025-04-05
U0010,P0029,3,220.14,2025-09-23
U0397,P0145,5,763.2,2025-08-23
U0231,P0007,4,336.2,2025-05-23
U0092,P0017,5,247.25,2025-10-02
U0420,P0138,4,1789.48,2025-12-18
U0002,P0095,3,1476.06,2025-05-19
U0272,P0042,3,139.32,2025-11-27
U0288,P0132,3,5027.28,2025-04-22
U0403,P0063,1,70.22,2025-04-02
U0076,P0178,1,75.05,2025-07-30
U0372,P0138,1,447.37,2025-08-25
U0242,P0129,1,182.29,2025-09-09
U0325,P0097,3,370.05,2025-04-20
U0114,P0174,1,1136.94,2025-10-01
U0453,P0166,5,674.85,2025-06-02
U0443,P0194,1,15.31,2026-02-01
U0195,P0167,3,5183.58,2025-06-01
U0472,P0186,2,139.48,2025-04-25
U0262,P0024,3,1366.38,2026-03-25
U0103,P0115,1,74.06,2026-01-26
U0244,P0014,5,4454.1,2026-01-05
U0212,P0162,3,2396.28,2026-03-04
U0229,P0013,2,286.54,2026-03-10
U0263,P0162,5,3993.8,2026-03-09
U0266,P0164,1,30.66,2025-08-05
U0082,P0103,2,361.82,2025-06-28
U0085,P0154,4,223.0,2025-06-17
U0090,P0167,3,5183.58,2025-10-23
U0432,P0135,3,1188.27,2026-03-10
U0339,P0005,4,3936.04,2026-01-09
U0265,P0130,5,448.35,2025-10-03
U0488,P0145,2,305.28,2025-05-01
U0332,P0120,3,1536.15,2026-02-08
U0039,P0108,5,4042.25,2026-03-24
U0217,P0152,1,245.84,2025-05-22
U0453,P0099,1,788.56,2025-12-28
U0410,P0121,4,2680.88,2025-09-06
U0068,P0004,5,1547.45,2026-03-09
U0272,P0035,1,287.04,2025-11-23
U0320,P0031,4,3920.0,2026-02-24
U0326,P0194,2,30.62,2025-08-22
U0100,P0173,3,1409.7,2025-11-02
U0138,P0056,3,4534.44,2025-05-25
U0196,P0162,2,1597.52,2025-05-01
U0130,P0086,5,1788.15,2025-04-11
U0421,P0125,1,199.92,2026-02-12
U0092,P0003,3,3327.84,2025-04-21
U0477,P0169,2,3135.84,2025-10-24
U0084,P0169,3,4703.76,2025-12-05
U0209,P0153,1,337.34,2025-05-30
U0047,P0040,2,91.34,2025-08-03
U0187,P0064,1,46.38,2025-12-22
U0283,P0069,5,676.8,2025-08-06
U0208,P0181,1,324.12,2025-11-18
U0313,P0097,4,493.4,2026-03-25
U0068,P0194,3,45.93,2025-11-21
U0193,P0082,2,171.42,2025-04-06
U0158,P0011,3,755.97,2025-09-25
U0114,P0179,4,1090.4,2025-11-15
U0257,P0193,1,422.33,2025-04-01
U0273,P0113,3,112.05,2025-11-03
U0348,P0005,2,1968.02,2025-09-02
U0424,P0180,3,264.75,2025-07-07
U0280,P0038,1,35.17,2025-09-26
U0448,P0184,5,205.6,2025-08-06
U0256,P0064,5,231.9,2025-09-17
U0142,P0183,4,575.68,2025-08-27
U0078,P0051,2,206.74,2025-11-27
U0220,P0010,4,1867.6,2025-08-31
U0414,P0119,5,9025.45,2025-05-10
U0497,P0136,4,759.48,2025-10-31
U0300,P0019,2,116.0,2025-09-16
U0298,P0080,5,615.6,2025-07-20
U0496,P0171,2,809.98,2026-01-15
U0384,P0013,3,429.81,2025-12-20
U0310,P0135,4,1584.36,2025-12-21
U0085,P0106,5,464.25,2025-05-12
U0066,P0003,4,4437.12,2025-08-24
U0204,P0019,4,232.0,2025-06-07
U0299,P0105,2,16.66,2025-12-19
U0457,P0089,4,681.2,2025-05-17
U0303,P0154,2,111.5,2025-05-28
U0469,P0189,5,161.4,2025-06-18
U0127,P0056,3,4534.44,2025-06-15
U0377,P0123,4,229.16,2025-06-14
U0264,P0119,4,7220.36,2025-08-07
U0313,P0048,3,23.97,2025-08-15
U0007,P0078,1,822.33,2025-11-19
U0131,P0135,2,792.18,2026-02-28
U0268,P0065,5,597.65,2025-11-19
U0049,P0084,2,20.42,2025-05-21
U0271,P0191,2,47.2,2025-05-23
U0044,P0040,2,91.34,2025-08-31
U0006,P0008,1,671.18,2026-02-19
U0149,P0077,1,184.58,2025-04-25
U0338,P0179,4,1090.4,2025-09-02
U0076,P0158,1,39.16,2025-10-20
U0380,P0167,2,3455.72,2026-03-08
U0446,P0073,5,627.55,2026-02-17
U0112,P0077,1,184.58,2026-03-17
U0105,P0133,5,525.4,2025-07-15
U0165,P0039,5,308.7,2025-07-28
U0068,P0009,5,233.0,2025-05-16
U0277,P0112,3,615.18,2025-04-16
U0197,P0077,2,369.16,2025-04-18
U0482,P0179,2,545.2,2025-10-25
U0466,P0003,3,3327.84,2025-05-12
U0497,P0182,2,762.6,2026-02-25
U0266,P0047,2,584.42,2025-10-04
U0426,P0060,1,402.95,2025-06-07
U0478,P0125,4,799.68,2025-08-18
U0312,P0027,5,2086.15,2025-11-12
U0287,P0159,4,3549.12,2026-01-20
U0469,P0146,5,273.95,2026-03-08
U0333,P0095,4,1968.08,2025-06-25
U0068,P0002,1,93.26,2025-07-26
U0338,P0094,2,365.14,2025-05-08
U0479,P0001,4,2422.92,2025-05-14
U0210,P0105,1,8.33,2025-06-29
U0221,P0147,3,946.02,2025-07-23
U0079,P0194,3,45.93,2026-03-22
U0159,P0064,3,139.14,2025-07-17
U0132,P0031,2,1960.0,2025-10-14
U0116,P0019,2,116.0,2025-07-22
U0339,P0159,3,2661.84,2025-08-30
U0050,P0004,1,309.49,2025-07-14
U0251,P0127,2,66.88,2025-05-01
U0087,P0019,4,232.0,2025-09-27
U0032,P0058,4,977.48,2026-02-09
U0388,P0148,2,46.14,2026-03-02
U0076,P0178,3,225.15,2025-05-11
U0382,P0150,5,113.1,2026-02-17
U0303,P0051,5,516.85,2025-07-21
U0100,P0054,4,175.96,2026-03-05
U0098,P0077,2,369.16,2025-10-26
U0437,P0080,3,369.36,2025-08-08
U0147,P0141,5,200.5,2026-03-25
U0400,P0070,4,368.84,2025-08-17
U0014,P0114,5,237.75,2025-08-25
U0444,P0033,2,187.9,2025-10-15
U0034,P0002,4,373.04,2025-08-26
U0165,P0020,5,1742.2,2026-02-17
U0403,P0121,1,670.22,2025-04-07
U0286,P0200,3,386.19,2026-02-08
U0248,P0178,2,150.1,2025-04-23
U0086,P0138,5,2236.85,2025-09-29
U0041,P0069,3,406.08,2025-09-10
U0099,P0066,1,67.64,2025-05-20
U0417,P0019,5,290.0,2025-09-25
U0261,P0001,3,1817.19,2025-09-29
U0279,P0190,1,1729.92,2026-02-05
U0165,P0116,3,291.72,2025-11-07
U0368,P0159,4,3549.12,2025-04-17
U0188,P0064,5,231.9,2025-04-18
U0060,P0102,1,124.49,2025-04-28
U0252,P0122,1,29.46,2026-02-28
U0146,P0003,5,5546.4,2025-11-20
U0457,P0004,3,928.47,2025-10-13
U0458,P0080,1,123.12,2025-06-22
U0142,P0005,2,1968.02,2025-05-20
U0473,P0183,5,719.6,2026-01-08
U0092,P0021,5,4271.9,2026-03-13
U0349,P0054,5,219.95,2025-09-11
U0202,P0197,2,173.98,2026-03-05
U0123,P0132,3,5027.28,2025-06-20
U0284,P0103,3,542.73,2025-05-08
U0498,P0178,1,75.05,2025-04-22
U0228,P0137,5,87.35,2026-03-19
U0078,P0101,3,591.0,2026-01-04
U0312,P0179,3,817.8,2026-02-07
U0498,P0098,3,55.77,2025-04-05
U0224,P0182,5,1906.5,2025-12-10
U0444,P0053,2,2283.54,2025-10-01
U0370,P0107,2,331.16,2025-12-13
U0029,P0049,5,1821.15,2025-07-29
U0154,P0068,1,1483.36,2025-07-11
U0465,P0130,1,89.67,2025-08-16
U0250,P0011,5,1259.95,2025-05-20
U0286,P0124,1,558.87,2025-05-24
U0087,P0011,1,251.99,2025-05-23
U0359,P0158,1,39.16,2025-06-22
U0430,P0186,3,209.22,2025-12-02
U0041,P0024,2,910.92,2025-04-11
U0439,P0038,4,140.68,2025-09-13
U0052,P0025,3,26.43,2025-06-23
U0142,P0142,3,2880.69,2025-06-11
U0025,P0088,2,69.24,2025-09-02
U0124,P0048,1,7.99,2026-01-27
U0305,P0168,4,7106.64,2026-03-09
U0152,P0117,2,67.68,2026-01-09
U0010,P0081,2,670.24,2025-05-22
U0464,P0121,1,670.22,2025-07-25
U0245,P0070,3,276.63,2025-03-26
U0143,P0076,4,1841.8,2025-04-02
U0491,P0015,5,1875.35,2025-04-12
U0457,P0174,2,2273.88,2025-05-02
U0459,P0051,1,103.37,2025-08-10
U0385,P0017,3,148.35,2025-09-07
U0382,P0019,5,290.0,2025-06-05
U0174,P0187,2,547.84,2025-06-03
U0140,P0108,4,3233.8,2025-09-08
U0209,P0034,4,231.72,2025-12-23
U0128,P0084,5,51.05,2025-09-14
U0473,P0001,3,1817.19,2025-11-27
U0500,P0004,2,618.98,2025-09-10
U0038,P0190,5,8649.6,2025-10-22
U0009,P0034,3,173.79,2025-07-20
U0417,P0143,4,240.8,2026-03-22
U0111,P0100,5,2210.15,2025-09-01
U0025,P0085,1,39.12,2025-09-05
U0122,P0011,4,1007.96,2025-09-04
U0123,P0112,1,205.06,2025-09-17
U0023,P0034,5,289.65,2025-05-01
U0045,P0166,4,539.88,2025-11-09
U0429,P0003,5,5546.4,2025-06-19
U0301,P0031,1,980.0,2025-12-05
U0301,P0012,5,220.75,2026-01-24
U0085,P0016,2,180.78,2025-05-02
U0015,P0037,3,853.83,2026-01-15
U0012,P0156,3,1845.48,2025-10-03
U0081,P0177,2,30.0,2025-08-02
U0388,P0095,5,2460.1,2025-07-29
U0357,P0153,3,1012.02,2025-11-27
U0440,P0029,5,366.9,2025-04-27
U0423,P0048,4,31.96,2026-03-04
U0026,P0160,5,240.9,2025-08-17
U0023,P0035,4,1148.16,2025-09-28
U0470,P0127,3,100.32,2025-04-21
U0165,P0066,3,202.92,2025-05-07
U0303,P0036,1,7.37,2025-10-13
U0147,P0192,5,7579.8,2025-05-20
U0145,P0178,3,225.15,2025-10-08
U0116,P0132,1,1675.76,2026-01-21
U0286,P0005,5,4920.05,2026-01-23
U0368,P0141,5,200.5,2025-09-07
U0179,P0162,3,2396.28,2025-06-27
U0109,P0073,3,376.53,2025-10-07
U0204,P0104,2,22.24,2025-12-30
U0306,P0176,3,42.3,2026-01-08
U0064,P0127,5,167.2,2025-07-15
U0027,P0081,4,1340.48,2025-09-12
U0007,P0061,4,174.56,2026-02-01
U0416,P0108,2,1616.9,2025-10-18
U0278,P0109,1,140.5,2025-08-08
U0006,P0076,4,1841.8,2025-05-02
U0079,P0194,4,61.24,2025-08-30
U0009,P0034,2,115.86,2025-09-26
U0410,P0017,3,148.35,2025-07-10
U0187,P0007,1,84.05,2025-09-15
U0489,P0051,1,103.37,2026-02-19
U0226,P0059,1,366.88,2025-08-21
U0255,P0025,3,26.43,2025-08-21
U0028,P0089,5,851.5,2025-08-12
U0293,P0016,3,271.17,2026-01-18
U0092,P0066,3,202.92,2026-02-15
U0108,P0063,5,351.1,2025-10-09
U0158,P0114,5,237.75,2025-11-10
U0029,P0182,4,1525.2,2025-11-10
U0375,P0191,3,70.8,2025-12-06
U0050,P0175,3,221.43,2025-04-04
U0481,P0120,5,2560.25,2026-02-26
U0164,P0186,4,278.96,2026-01-21
U0294,P0189,1,32.28,2025-04-30
U0478,P0135,5,1980.45,2025-06-26
U0204,P0112,3,615.18,2025-08-30
U0298,P0055,4,1170.68,2025-10-07
U0199,P0032,5,326.2,2025-11-25
U0100,P0083,5,76.85,2025-07-15
U0136,P0161,5,3605.8,2025-08-02
U0203,P0141,1,40.1,2025-09-15
U0352,P0120,1,512.05,2025-12-20
U0497,P0063,4,280.88,2025-07-26
U0411,P0188,1,94.72,2025-06-21
U0136,P0063,1,70.22,2025-05-01
U0052,P0145,2,305.28,2026-01-01
U0014,P0155,3,1476.63,2025-08-16
U0251,P0062,2,176.68,2025-12-18
U0436,P0037,5,1423.05,2025-04-02
U0246,P0055,2,585.34,2025-12-08
U0290,P0104,3,33.36,2025-11-13
U0021,P0048,5,39.95,2026-01-16
U0165,P0062,2,176.68,2025-09-04
U0479,P0118,4,533.52,2025-05-13
U0441,P0152,2,491.68,2025-11-13
U0085,P0113,4,149.4,2025-11-24
U0319,P0182,2,762.6,2025-12-01
U0370,P0137,3,52.41,2025-04-26
U0073,P0012,2,88.3,2025-11-23
U0352,P0047,1,292.21,2025-06-04
U0049,P0065,1,119.53,2026-02-20
U0217,P0158,2,78.32,2025-11-29
U0390,P0045,5,161.75,2025-11-03
U0151,P0036,2,14.74,2025-10-24
U0254,P0169,1,1567.92,2025-05-20
U0303,P0135,2,792.18,2025-05-18
U0005,P0173,4,1879.6,2025-10-07
U0420,P0083,1,15.37,2025-10-08
U0432,P0069,3,406.08,2026-01-20
U0460,P0100,1,442.03,2025-08-11
U0166,P0112,5,1025.3,2025-04-06
U0312,P0160,1,48.18,2025-12-12
U0283,P0057,1,279.21,2026-03-10
U0002,P0184,4,164.48,2025-10-31
U0126,P0055,2,585.34,2025-12-21
U0397,P0195,4,475.48,2025-05-09
U0372,P0200,2,257.46,2026-01-19
U0253,P0116,4,388.96,2025-07-29
U0112,P0053,1,1141.77,2025-08-25
U0454,P0186,5,348.7,2025-04-01
U0492,P0009,4,186.4,2025-09-01
U0476,P0077,4,738.32,2026-03-11
U0474,P0114,1,47.55,2025-12-09
U0286,P0093,1,14.54,2025-11-24
U0194,P0009,3,139.8,2025-05-15
U0161,P0044,5,657.85,2025-07-11
U0408,P0078,2,1644.66,2025-05-07
U0148,P0022,1,26.26,2025-05-02
U0243,P0182,3,1143.9,2026-02-26
U0068,P0127,3,100.32,2026-03-16
U0346,P0166,4,539.88,2025-07-26
U0401,P0195,3,356.61,2025-07-09
U0086,P0110,4,754.6,2025-08-22
U0071,P0096,5,86.35,2026-03-24
U0432,P0111,2,74.76,2026-03-18
U0432,P0011,2,503.98,2025-03-29
U0208,P0049,5,1821.15,2025-04-20
U0183,P0163,4,3317.28,2025-11-11
U0485,P0106,1,92.85,2025-11-01
U0294,P0115,3,222.18,2025-10-15
U0305,P0125,5,999.6,2025-12-09
U0054,P0134,2,919.72,2025-05-29
U0358,P0198,5,2227.35,2025-04-12
U0249,P0192,5,7579.8,2025-06-21
U0363,P0072,5,317.8,2026-02-14
U0132,P0154,5,278.75,2025-08-19
U0018,P0151,5,267.3,2025-10-15
U0417,P0081,1,335.12,2025-11-01
U0306,P0180,2,176.5,2026-01-11
U0422,P0107,4,662.32,2025-10-25
U0111,P0033,2,187.9,2025-12-02
U0500,P0152,3,737.52,2025-09-11
U0052,P0034,1,57.93,2026-01-04
U0368,P0141,5,200.5,2025-03-30
U0479,P0137,1,17.47,2025-04-21
U0444,P0027,3,1251.69,2025-05-14
U0148,P0144,3,405.54,2025-11-29
U0129,P0005,1,984.01,2025-04-01
U0038,P0047,4,1168.84,2025-08-14
U0380,P0179,2,545.2,2026-01-14
U0466,P0050,5,173.7,2025-06-27
U0361,P0078,4,3289.32,2025-10-23
U0089,P0164,2,61.32,2025-10-02
U0204,P0184,4,164.48,2025-07-10
U0357,P0126,1,668.28,2025-07-06
U0397,P0129,5,911.45,2026-01-12
U0466,P0033,2,187.9,2025-08-07
U0270,P0165,5,6954.3,2025-04-27
U0248,P0015,3,1125.21,2025-04-23
U0280,P0075,1,11.58,2025-09-08
U0268,P0013,4,573.08,2025-04-02
U0040,P0188,2,189.44,2025-04-02
U0371,P0066,5,338.2,2025-05-01
U0190,P0103,3,542.73,2025-07-29
U0383,P0148,5,115.35,2025-06-24
U0498,P0070,4,368.84,2026-03-13
U0386,P0174,3,3410.82,2025-07-05
U0220,P0176,4,56.4,2025-05-10
U0138,P0146,4,219.16,2025-12-17
U0453,P0174,5,5684.7,2025-11-22
U0498,P0001,5,3028.65,2025-08-10
U0079,P0052,4,75.92,2026-01-23
U0026,P0140,1,81.56,2025-06-05
U0451,P0037,4,1138.44,2026-02-11
U0197,P0103,2,361.82,2026-03-22
U0051,P0108,3,2425.35,2025-09-24
U0462,P0082,4,342.84,2025-04-09
U0260,P0105,3,24.99,2025-10-07
U0256,P0171,5,2024.95,2025-09-02
U0166,P0084,3,30.63,2025-07-16
U0181,P0026,2,1275.88,2025-11-15
U0241,P0111,3,112.14,2026-03-23
U0004,P0014,4,3563.28,2025-06-30
U0229,P0087,5,1310.3,2025-08-25
U0414,P0136,2,379.74,2025-10-27
U0350,P0015,3,1125.21,2026-02-17
U0213,P0098,3,55.77,2025-11-15
U0167,P0028,2,8.24,2025-12-26
U0457,P0066,3,202.92,2025-11-12
U0036,P0198,5,2227.35,2025-05-28
U0314,P0121,3,2010.66,2026-03-23
U0074,P0052,2,37.96,2025-06-28
U0209,P0137,4,69.88,2026-03-17
U0263,P0199,2,219.8,2025-10-14
U0421,P0121,1,670.22,2026-02-21
U0232,P0006,2,131.06,2025-08-28
U0100,P0012,5,220.75,2025-10-24
U0415,P0069,2,270.72,2025-12-07
U0263,P0165,4,5563.44,2026-02-22
U0089,P0012,3,132.45,2026-03-01
U0277,P0157,5,780.05,2025-12-01
U0016,P0156,3,1845.48,2026-02-18
U0109,P0069,5,676.8,2026-03-19
U0299,P0198,4,1781.88,2025-05-03
U0034,P0156,4,2460.64,2025-05-24
U0249,P0148,4,92.28,2026-01-15
U0431,P0070,3,276.63,2026-01-06
U0285,P0069,1,135.36,2025-12-08
U0186,P0100,5,2210.15,2025-11-07
U0270,P0004,3,928.47,2025-10-14
U0469,P0011,4,1007.96,2025-12-11
U0182,P0193,4,1689.32,2025-04-06
U0252,P0077,5,922.9,2026-03-18
U0294,P0083,4,61.48,2025-05-02
U0328,P0058,5,1221.85,2025-11-17
U0347,P0005,3,2952.03,2025-05-30
U0425,P0161,5,3605.8,2026-03-02
U0072,P0169,4,6271.68,2026-03-25
U0087,P0184,5,205.6,2025-11-17
U0139,P0038,1,35.17,2025-11-26
U0497,P0024,3,1366.38,2025-06-27
U0308,P0196,2,979.5,2025-10-06
U0267,P0072,5,317.8,2026-03-17
U0240,P0049,3,1092.69,2026-01-06
U0021,P0059,1,366.88,2025-06-10
U0381,P0113,4,149.4,2025-07-27
U0147,P0137,4,69.88,2025-08-02
U0186,P0157,3,468.03,2026-01-26
U0337,P0080,1,123.12,2025-07-06
U0461,P0109,3,421.5,2025-04-08
U0268,P0185,2,143.8,2025-12-12
U0002,P0129,5,911.45,2026-01-18
U0430,P0156,3,1845.48,2025-05-01
U0267,P0102,5,622.45,2025-11-04
U0055,P0147,4,1261.36,2026-01-03
U0126,P0166,2,269.94,2025-12-29
U0498,P0110,1,188.65,2025-04-30
U0185,P0185,5,359.5,2025-09-14
U0367,P0160,3,144.54,2025-12-31
U0236,P0108,4,3233.8,2025-10-27
U0476,P0133,2,210.16,2026-02-03
U0435,P0114,2,95.1,2025-04-01
U0002,P0099,4,3154.24,2025-12-22
U0432,P0152,2,491.68,2025-04-23
U0495,P0165,1,1390.86,2025-09-16
U0048,P0136,1,189.87,2025-07-29
U0277,P0129,2,364.58,2025-10-26
U0399,P0038,4,140.68,2025-09-21
U0421,P0088,5,173.1,2025-10-17
U0213,P0160,5,240.9,2025-05-26
U0429,P0006,4,262.12,2026-01-06
U0121,P0035,4,1148.16,2026-01-11
U0113,P0168,4,7106.64,2026-01-24
U0231,P0160,5,240.9,2025-06-02
U0014,P0039,2,123.48,2025-11-29
U0242,P0174,5,5684.7,2026-02-25
U0019,P0182,4,1525.2,2025-10-15
U0422,P0070,5,461.05,2025-05-08
U0327,P0115,1,74.06,2025-04-16
U0455,P0142,3,2880.69,2025-07-30
U0229,P0149,3,1430.16,2025-03-30
U0133,P0019,4,232.0,2025-08-22
U0255,P0081,3,1005.36,2025-12-12
U0304,P0135,1,396.09,2025-06-20
U0277,P0160,1,48.18,2025-08-06
U0384,P0054,4,175.96,2025-07-05
U0034,P0091,5,186.6,2026-02-20
U0165,P0127,5,167.2,2026-02-24
U0286,P0149,3,1430.16,2025-09-17
U0262,P0156,4,2460.64,2025-12-30
U0208,P0141,2,80.2,2025-07-10
U0135,P0141,5,200.5,2025-08-11
U0211,P0053,5,5708.85,2026-03-14
U0441,P0040,1,45.67,2025-04-09
U0246,P0103,1,180.91,2026-01-07
U0122,P0152,4,983.36,2025-04-11
U0056,P0047,1,292.21,2025-05-06
U0403,P0171,5,2024.95,2026-03-11
U0324,P0086,1,357.63,2025-06-18
U0450,P0140,1,81.56,2026-01-05
U0476,P0146,5,273.95,2025-07-01
U0330,P0100,1,442.03,2025-07-07
U0393,P0035,1,287.04,2025-04-27
U0424,P0126,1,668.28,2025-09-01
U0199,P0184,5,205.6,2026-03-07
U0448,P0031,1,980.0,2025-08-05
U0301,P0034,2,115.86,2025-07-22
U0400,P0038,5,175.85,2025-06-14
U0074,P0100,5,2210.15,2025-05-19
U0458,P0060,2,805.9,2025-11-05
U0464,P0181,5,1620.6,2025-04-20
U0477,P0112,3,615.18,2025-05-18
U0462,P0117,1,33.84,2025-11-21
U0366,P0081,1,335.12,2025-08-22
U0252,P0084,4,40.84,2025-07-07
U0315,P0106,5,464.25,2025-11-30
U0499,P0049,3,1092.69,2025-09-25
U0354,P0115,1,74.06,2025-07-19
U0227,P0061,1,43.64,2025-12-28
U0431,P0169,2,3135.84,2026-02-02
U0166,P0085,3,117.36,2025-05-06
U0022,P0175,3,221.43,2025-08-12
U0347,P0009,3,139.8,2026-01-19
U0330,P0024,5,2277.3,2025-07-24
U0317,P0155,2,984.42,2025-07-04
U0141,P0182,3,1143.9,2025-11-11
U0023,P0080,3,369.36,2025-07-08
U0276,P0054,1,43.99,2026-02-14
U0160,P0017,3,148.35,2025-07-21
U0487,P0014,1,890.82,2026-01-06
U0480,P0059,3,1100.64,2026-02-28
U0102,P0103,5,904.55,2025-08-10
U0059,P0084,4,40.84,2025-06-25
U0309,P0020,1,348.44,2025-05-31
U0328,P0113,4,149.4,2025-05-13
U0229,P0138,1,447.37,2026-01-12
U0119,P0164,3,91.98,2025-05-08
U0137,P0092,4,1062.28,2025-07-06
U0150,P0068,4,5933.44,2025-07-26
U0295,P0076,1,460.45,2025-11-27
U0420,P0198,4,1781.88,2025-08-19
U0489,P0077,1,184.58,2026-02-20
U0222,P0056,2,3022.96,2025-05-16
U0164,P0123,2,114.58,2025-07-13
U0260,P0170,2,42.82,2026-01-24
U0182,P0150,4,90.48,2025-09-19
U0232,P0181,2,648.24,2025-05-22
U0466,P0181,2,648.24,2025-04-20
U0225,P0060,1,402.95,2025-07-08
U0202,P0144,2,270.36,2025-03-27
U0020,P0035,5,1435.2,2026-02-08
U0170,P0144,3,405.54,2025-03-29
U0339,P0078,2,1644.66,2025-11-29
U0117,P0045,3,97.05,2026-02-07
U0193,P0189,3,96.84,2026-02-18
U0282,P0089,3,510.9,2025-06-23
U0127,P0150,4,90.48,2025-09-07
U0013,P0120,2,1024.1,2025-10-23
U0150,P0099,4,3154.24,2025-03-27
U0131,P0100,2,884.06,2026-01-22
U0177,P0191,5,118.0,2025-09-24
U0279,P0073,1,125.51,2025-05-08
U0250,P0069,5,676.8,2026-01-26
U0218,P0017,4,197.8,2026-03-24
U0173,P0004,2,618.98,2025-12-31
U0040,P0132,1,1675.76,2025-08-30
U0290,P0142,1,960.23,2025-04-29
U0428,P0074,1,475.98,2025-11-29
U0404,P0196,3,1469.25,2025-11-05
U0342,P0123,4,229.16,2025-04-02
U0456,P0015,5,1875.35,2025-11-15
U0419,P0144,2,270.36,2025-04-04
U0250,P0116,3,291.72,2026-03-12
U0377,P0033,5,469.75,2026-01-20
U0275,P0104,3,33.36,2025-04-19
U0327,P0062,2,176.68,2026-03-11
U0416,P0039,4,246.96,2025-05-05
U0179,P0192,1,1515.96,2025-06-04
U0372,P0166,5,674.85,2025-09-10
U0363,P0048,1,7.99,2025-06-13
U0457,P0049,4,1456.92,2025-09-13
U0232,P0118,1,133.38,2025-05-22
U0383,P0097,4,493.4,2025-08-26
U0223,P0020,1,348.44,2026-01-13
U0161,P0192,4,6063.84,2025-11-22
U0143,P0045,1,32.35,2026-01-16
U0407,P0033,2,187.9,2025-04-11
U0358,P0057,3,837.63,2025-05-15
U0302,P0140,1,81.56,2026-02-16
U0461,P0054,4,175.96,2025-08-21
U0284,P0057,4,1116.84,2025-07-19
U0184,P0159,1,887.28,2026-02-05
U0243,P0116,5,486.2,2026-02-17
U0168,P0039,3,185.22,2025-11-04
U0417,P0104,1,11.12,2025-11-05
U0151,P0007,5,420.25,2025-12-31
U0109,P0063,3,210.66,2026-02-21
U0235,P0078,4,3289.32,2025-09-22
U0223,P0079,2,875.18,2025-09-14
U0417,P0014,1,890.82,2025-06-17
U0197,P0064,4,185.52,2026-01-19
U0195,P0056,1,1511.48,2025-06-08
U0300,P0193,3,1266.99,2025-04-30
U0196,P0157,3,468.03,2025-09-24
U0299,P0195,2,237.74,2025-05-02
U0094,P0125,4,799.68,2025-09-14
U0436,P0068,1,1483.36,2025-10-24
U0312,P0012,1,44.15,2025-12-05
U0475,P0141,3,120.3,2026-03-24
U0499,P0046,3,561.87,2025-10-01
U0033,P0187,2,547.84,2025-11-07
U0400,P0074,3,1427.94,2025-06-17
U0205,P0124,2,1117.74,2025-12-23
U0274,P0138,2,894.74,2025-06-05
U0001,P0077,4,738.32,2025-11-22
U0490,P0060,1,402.95,2025-11-16
U0474,P0093,3,43.62,2025-09-13
U0375,P0190,1,1729.92,2025-09-15
U0352,P0124,3,1676.61,2025-06-01
U0425,P0051,2,206.74,2025-09-23
U0048,P0030,3,84.93,2025-04-03
U0401,P0151,4,213.84,2025-06-29
U0265,P0120,5,2560.25,2025-10-14
U0110,P0017,2,98.9,2025-04-07
U0005,P0075,1,11.58,2025-05-31
U0165,P0074,2,951.96,2025-08-12
U0254,P0167,4,6911.44,2025-08-20
U0049,P0132,2,3351.52,2026-02-27
U0358,P0136,3,569.61,2025-07-11
U0027,P0016,1,90.39,2025-04-03
U0275,P0123,2,114.58,2026-02-10
U0160,P0053,5,5708.85,2026-02-10
U0167,P0024,1,455.46,2025-11-17
U0118,P0111,4,149.52,2025-06-25
U0212,P0044,1,131.57,2026-03-18
U0249,P0141,1,40.1,2025-06-18
U0234,P0025,1,8.81,2025-05-15
U0344,P0104,5,55.6,2025-10-13
U0217,P0078,2,1644.66,2025-10-07
U0390,P0117,1,33.84,2025-08-29
U0329,P0141,1,40.1,2026-01-11
U0443,P0110,5,943.25,2025-04-23
U0102,P0063,1,70.22,2025-09-16
U0483,P0068,2,2966.72,2025-03-29
U0381,P0051,1,103.37,2025-08-31
U0018,P0014,2,1781.64,2025-12-16
U0028,P0048,5,39.95,2025-08-16
U0448,P0086,3,1072.89,2025-04-03
U0010,P0173,3,1409.7,2026-01-14
U0087,P0074,1,475.98,2026-02-04
U0149,P0040,1,45.67,2025-08-31
U0210,P0123,1,57.29,2026-02-01
U0162,P0020,3,1045.32,2025-10-13
U0379,P0151,5,267.3,2026-01-12
U0010,P0025,4,35.24,2025-08-20
U0458,P0064,2,92.76,2025-07-03
U0073,P0033,2,187.9,2026-01-15
U0143,P0010,1,466.9,2025-10-13
U0119,P0151,2,106.92,2025-12-21
U0341,P0046,1,187.29,2025-09-16
U0194,P0036,1,7.37,2026-02-05
U0492,P0170,5,107.05,2026-03-02
U0436,P0020,1,348.44,2025-12-09
U0132,P0137,3,52.41,2025-12-08
U0115,P0148,1,23.07,2025-12-17
U0117,P0165,2,2781.72,2025-09-20
U0093,P0133,4,420.32,2026-01-25
U0408,P0055,2,585.34,2025-11-21
U0376,P0154,3,167.25,2025-10-05
U0427,P0106,3,278.55,2025-10-06
U0065,P0056,3,4534.44,2025-12-20
U0257,P0103,3,542.73,2025-10-24
U0313,P0114,4,190.2,2026-03-23
U0089,P0068,5,7416.8,2025-07-06
U0221,P0110,2,377.3,2025-11-08
U0090,P0191,1,23.6,2025-05-31
U0487,P0092,2,531.14,2025-08-14
U0385,P0117,4,135.36,2025-05-09
U0464,P0063,3,210.66,2025-04-21
U0294,P0141,3,120.3,2025-12-25
U0319,P0121,2,1340.44,2025-09-24
U0208,P0199,1,109.9,2025-10-05
U0353,P0046,4,749.16,2025-08-31
U0190,P0086,5,1788.15,2026-02-20
U0137,P0125,4,799.68,2026-01-04
U0190,P0064,5,231.9,2026-02-22
U0318,P0107,4,662.32,2025-10-23
U0054,P0069,4,541.44,2025-09-17
U0113,P0064,4,185.52,2025-06-01
U0358,P0095,2,984.04,2025-10-29
U0450,P0114,3,142.65,2025-09-05
U0223,P0185,3,215.7,2025-04-18
U0120,P0087,2,524.12,2025-06-11
U0298,P0179,4,1090.4,2026-01-19
U0391,P0163,5,4146.6,2025-06-16
U0455,P0087,2,524.12,2026-01-06
U0149,P0052,4,75.92,2025-07-16
U0473,P0152,2,491.68,2025-10-24
U0053,P0087,4,1048.24,2026-02-12
U0081,P0165,4,5563.44,2025-04-29
U0358,P0108,2,1616.9,2025-05-09
U0281,P0058,3,733.11,2025-11-07
U0109,P0169,3,4703.76,2025-08-27
U0281,P0085,5,195.6,2025-08-18
U0127,P0172,5,537.15,2026-03-12
U0212,P0026,4,2551.76,2025-06-23
U0076,P0076,5,2302.25,2025-07-28
U0303,P0164,2,61.32,2025-05-14
U0312,P0193,5,2111.65,2025-04-23
U0040,P0107,1,165.58,2025-09-25
U0441,P0058,5,1221.85,2026-02-11
U0052,P0101,5,985.0,2025-04-24
U0101,P0178,4,300.2,2026-02-08
U0015,P0063,1,70.22,2025-07-14
U0413,P0054,4,175.96,2026-01-18
U0195,P0016,4,361.56,2025-04-06
U0086,P0199,1,109.9,2026-02-05
U0141,P0138,5,2236.85,2025-08-21
U0418,P0124,5,2794.35,2025-03-26
U0010,P0143,2,120.4,2025-09-09
U0375,P0071,5,178.3,2025-12-09
U0061,P0034,1,57.93,2025-10-30
U0204,P0051,5,516.85,2025-10-24
U0401,P0198,4,1781.88,2025-09-03
U0095,P0083,3,46.11,2026-01-11
U0384,P0149,2,953.44,2025-09-08
U0432,P0180,3,264.75,2025-09-30
U0385,P0104,2,22.24,2025-12-18
U0307,P0028,4,16.48,2026-01-13
U0384,P0150,5,113.1,2025-05-07
U0461,P0077,1,184.58,2025-12-05
U0203,P0147,3,946.02,2025-07-10
U0434,P0171,1,404.99,2025-04-18
U0057,P0047,4,1168.84,2025-03-31
U0467,P0099,3,2365.68,2025-06-08
U0236,P0023,5,288.55,2025-08-28
U0232,P0173,1,469.9,2025-08-27
U0350,P0141,2,80.2,2025-12-04
U0169,P0057,5,1396.05,2026-01-28
U0017,P0027,4,1668.92,2026-01-29
U0087,P0090,5,281.8,2026-03-11
U0059,P0103,2,361.82,2025-06-08
U0309,P0070,5,461.05,2026-03-08
U0390,P0194,1,15.31,2025-12-16
U0116,P0060,3,1208.85,2025-11-06
U0111,P0122,4,117.84,2025-07-22
U0337,P0053,3,3425.31,2025-06-25
U0407,P0026,3,1913.82,2026-03-02
U0423,P0145,5,763.2,2025-04-06
U0136,P0023,1,57.71,2026-02-17
U0443,P0112,4,820.24,2025-05-22
U0111,P0010,1,466.9,2025-11-17
U0466,P0140,1,81.56,2026-01-31
U0206,P0003,3,3327.84,2025-06-02
U0336,P0182,5,1906.5,2025-04-20
U0337,P0022,1,26.26,2026-03-01
U0435,P0080,2,246.24,2026-03-06
U0078,P0136,5,949.35,2025-08-24
U0437,P0107,1,165.58,2025-08-31
U0469,P0140,1,81.56,2026-02-16
U0449,P0159,5,4436.4,2026-03-05
U0127,P0075,2,23.16,2026-01-22
U0489,P0198,2,890.94,2025-11-13
U0257,P0191,3,70.8,2025-10-22
U0284,P0067,2,679.8,2026-02-23
U0108,P0082,2,171.42,2026-02-15
U0218,P0016,4,361.56,2025-06-09
U0344,P0025,4,35.24,2025-05-27
U0052,P0053,5,5708.85,2025-09-11
U0031,P0021,3,2563.14,2025-07-22
U0051,P0180,1,88.25,2025-07-15
U0060,P0053,2,2283.54,2025-03-29
U0051,P0150,3,67.86,2026-03-17
U0070,P0078,4,3289.32,2025-04-17
U0445,P0002,2,186.52,2025-07-02
U0285,P0168,1,1776.66,2025-10-28
U0048,P0031,2,1960.0,2025-06-25
U0236,P0162,3,2396.28,2025-10-14
U0070,P0125,1,199.92,2025-05-18
U0110,P0112,4,820.24,2025-07-07
U0189,P0126,4,2673.12,2025-10-26
U0441,P0110,2,377.3,2025-05-20
U0037,P0062,5,441.7,2026-02-13
U0020,P0164,4,122.64,2025-10-22
U0315,P0029,4,293.52,2026-01-22
U0401,P0148,3,69.21,2025-12-29
U0128,P0165,2,2781.72,2026-01-24
U0179,P0073,1,125.51,2026-02-15
U0364,P0061,1,43.64,2025-10-05
U0112,P0085,1,39.12,2025-08-27
U0306,P0170,4,85.64,2025-04-21
U0095,P0100,1,442.03,2025-08-29
U0281,P0065,3,358.59,2025-10-04
U0086,P0083,2,30.74,2025-04-24
U0255,P0190,3,5189.76,2026-02-15
U0002,P0036,3,22.11,2025-11-01
U0250,P0185,1,71.9,2025-03-28
U0239,P0150,5,113.1,2025-05-24
U0361,P0158,3,117.48,2025-07-02
U0270,P0092,4,1062.28,2025-09-07
U0310,P0073,5,627.55,2025-06-07
U0487,P0154,2,111.5,2026-02-24
U0016,P0095,1,492.02,2025-05-27
U0322,P0180,3,264.75,2025-08-16
U0232,P0090,4,225.44,2025-12-09
U0188,P0094,5,912.85,2025-10-25
U0454,P0038,2,70.34,2025-08-08
U0327,P0186,1,69.74,2025-08-04
U0080,P0100,4,1768.12,2026-01-16
U0390,P0168,3,5329.98,2025-08-30
U0188,P0007,3,252.15,2025-09-11
U0448,P0003,4,4437.12,2026-03-14
U0340,P0011,1,251.99,2025-10-26
U0440,P0168,3,5329.98,2026-01-28
U0430,P0057,1,279.21,2025-09-13
U0261,P0166,4,539.88,2025-12-23
U0134,P0011,5,1259.95,2025-08-10
U0399,P0027,1,417.23,2026-03-24
U0496,P0164,4,122.64,2025-08-28
U0278,P0154,1,55.75,2025-04-15
U0140,P0195,1,118.87,2025-07-20
U0070,P0138,2,894.74,2026-03-22
U0242,P0105,2,16.66,2025-12-17
U0257,P0185,1,71.9,2026-01-22
U0180,P0169,2,3135.84,2026-01-13
U0118,P0037,5,1423.05,2026-01-09
U0093,P0045,5,161.75,2026-01-05
U0146,P0004,5,1547.45,2025-11-03
U0242,P0084,2,20.42,2025-06-29
U0099,P0092,5,1327.85,2025-05-27
U0305,P0077,1,184.58,2026-03-25
U0140,P0024,1,455.46,2025-06-15
U0138,P0116,5,486.2,2026-01-25
U0117,P0096,1,17.27,2025-03-30
U0060,P0064,3,139.14,2025-04-18
U0016,P0199,3,329.7,2025-12-16
U0164,P0200,4,514.92,2026-01-10
U0085,P0197,5,434.95,2025-05-26
U0068,P0002,4,373.04,2025-10-28
U0061,P0164,3,91.98,2025-07-18
U0285,P0011,5,1259.95,2025-07-31
U0269,P0062,1,88.34,2026-01-19
U0475,P0139,1,342.68,2026-02-16
U0013,P0077,1,184.58,2025-05-11
U0148,P0183,3,431.76,2025-11-21
U0155,P0020,5,1742.2,2025-10-06
U0447,P0195,2,237.74,2025-07-07
U0390,P0025,3,26.43,2025-10-29
U0241,P0143,4,240.8,2025-08-05
U0148,P0188,2,189.44,2025-06-17
U0019,P0045,1,32.35,2025-05-01
U0262,P0173,5,2349.5,2025-05-17
U0115,P0006,4,262.12,2025-12-02
U0388,P0089,4,681.2,2025-06-12
U0329,P0182,1,381.3,2025-04-15
U0117,P0119,5,9025.45,2025-05-30
U0396,P0030,2,56.62,2026-02-04
U0114,P0170,5,107.05,2025-08-10
U0129,P0062,4,353.36,2025-05-24
U0295,P0004,3,928.47,2025-10-07
U0283,P0083,3,46.11,2025-07-16
U0402,P0096,5,86.35,2025-06-06
U0157,P0179,1,272.6,2025-06-20
U0389,P0072,2,127.12,2025-06-04
U0459,P0189,1,32.28,2025-08-23
U0309,P0111,5,186.9,2025-05-03
U0026,P0177,3,45.0,2025-09-23
U0458,P0040,5,228.35,2025-05-18
U0411,P0140,4,326.24,2026-03-18
U0194,P0018,1,39.49,2025-09-08
U0170,P0108,4,3233.8,2025-11-22
U0120,P0116,3,291.72,2025-09-16
U0228,P0012,1,44.15,2025-09-02
U0163,P0037,4,1138.44,2025-08-25
U0048,P0058,4,977.48,2025-04-20
U0287,P0018,3,118.47,2025-05-29
U0461,P0142,1,960.23,2026-01-13
U0184,P0057,1,279.21,2025-07-06
U0144,P0050,4,138.96,2025-09-02
U0316,P0158,2,78.32,2025-05-02
U0314,P0102,3,373.47,2025-11-08
U0155,P0118,4,533.52,2025-12-23
U0166,P0003,5,5546.4,2025-11-01
U0346,P0048,2,15.98,2026-01-12
U0462,P0065,2,239.06,2025-12-07
U0155,P0132,1,1675.76,2026-03-09
U0141,P0021,4,3417.52,2025-03-27
U0065,P0079,1,437.59,2025-10-07
U0176,P0064,4,185.52,2025-05-22
U0056,P0084,5,51.05,2025-10-03
U0162,P0118,3,400.14,2025-05-30
U0476,P0008,4,2684.72,2025-12-26
U0428,P0128,5,3753.25,2025-09-13
U0008,P0042,3,139.32,2025-12-31
U0189,P0116,1,97.24,2025-11-23
U0391,P0055,2,585.34,2025-04-23
U0074,P0159,3,2661.84,2025-04-14
U0308,P0075,3,34.74,2025-12-23
U0477,P0057,1,279.21,2025-10-12
U0328,P0138,2,894.74,2025-06-30
U0199,P0058,1,244.37,2025-11-02
U0011,P0036,5,36.85,2025-08-15
U0201,P0048,5,39.95,2025-05-22
U0047,P0114,2,95.1,2026-02-03
U0249,P0076,2,920.9,2025-05-22
U0072,P0034,1,57.93,2025-10-22
U0045,P0105,4,33.32,2025-06-21
U0475,P0197,2,173.98,2026-01-23
U0184,P0176,2,28.2,2025-05-27
U0091,P0104,4,44.48,2025-05-20
U0108,P0122,1,29.46,2025-09-04
U0114,P0033,3,281.85,2026-03-09
U0498,P0056,1,1511.48,2025-11-27
U0301,P0041,5,616.9,2026-03-02
U0155,P0137,3,52.41,2026-03-22
U0095,P0039,1,61.74,2025-08-23
U0049,P0172,5,537.15,2026-03-01
U0055,P0148,2,46.14,2025-04-30
U0125,P0055,3,878.01,2025-05-13
U0116,P0126,5,3341.4,2025-07-19
U0044,P0155,1,492.21,2026-03-24
U0030,P0166,1,134.97,2025-12-21
U0363,P0149,3,1430.16,2025-08-17
U0051,P0097,2,246.7,2025-12-21
U0431,P0088,4,138.48,2025-04-13
U0144,P0180,4,353.0,2026-02-21
U0264,P0190,3,5189.76,2025-09-25
U0497,P0154,3,167.25,2026-03-24
U0373,P0116,5,486.2,2025-05-11
U0416,P0037,2,569.22,2026-03-25
U0147,P0200,3,386.19,2025-12-04
U0070,P0191,2,47.2,2026-02-11
U0493,P0099,4,3154.24,2025-07-30
U0470,P0137,1,17.47,2025-10-31
U0170,P0097,3,370.05,2025-08-12
U0376,P0074,2,951.96,2025-08-10
U0007,P0190,1,1729.92,2025-05-15
U0152,P0194,3,45.93,2025-12-15
U0347,P0158,1,39.16,2026-02-12
U0344,P0116,4,388.96,2025-08-18
U0497,P0108,4,3233.8,2025-10-02
U0030,P0089,2,340.6,2025-04-22
U0242,P0166,4,539.88,2026-02-19
U0065,P0007,5,420.25,2026-01-03
U0284,P0023,3,173.13,2025-07-24
U0281,P0015,4,1500.28,2025-04-20
U0038,P0185,5,359.5,2026-02-23
U0080,P0034,2,115.86,2026-02-18
U0346,P0030,4,113.24,2025-07-24
U0321,P0141,4,160.4,2026-03-13
U0198,P0162,4,3195.04,2025-05-06
U0219,P0053,3,3425.31,2025-11-20
U0070,P0039,2,123.48,2025-04-09
U0249,P0032,5,326.2,2025-09-24
U0300,P0040,1,45.67,2026-01-14
U0194,P0163,5,4146.6,2025-10-31
U0332,P0132,3,5027.28,2025-08-25
U0113,P0128,1,750.65,2026-02-11
U0147,P0039,5,308.7,2025-10-17
U0099,P0006,1,65.53,2026-03-11
U0481,P0192,2,3031.92,2025-08-05
U0426,P0087,2,524.12,2025-06-07
U0386,P0138,5,2236.85,2025-04-03
U0077,P0063,1,70.22,2025-12-09
U0074,P0067,4,1359.6,2025-09-30
U0307,P0169,5,7839.6,2025-09-12
U0195,P0157,2,312.02,2026-01-20
U0498,P0123,5,286.45,2025-11-13
U0053,P0126,5,3341.4,2025-12-12
U0411,P0175,4,295.24,2025-08-26
U0176,P0146,1,54.79,2025-10-02
U0459,P0054,5,219.95,2026-01-13
U0022,P0025,1,8.81,2025-11-05
U0342,P0008,4,2684.72,2025-09-26
U0084,P0180,4,353.0,2025-09-05
U0150,P0048,4,31.96,2025-08-10
U0444,P0057,3,837.63,2026-02-21
U0413,P0037,4,1138.44,2025-12-22
U0144,P0081,3,1005.36,2025-12-03
U0493,P0064,4,185.52,2025-09-19
U0345,P0101,3,591.0,2025-09-09
U0315,P0121,4,2680.88,2025-11-12
U0271,P0113,5,186.75,2025-10-26
U0302,P0110,2,377.3,2025-12-31
U0143,P0148,3,69.21,2025-03-28
U0189,P0031,1,980.0,2025-10-19
U0209,P0161,2,1442.32,2025-10-15
U0003,P0106,5,464.25,2026-01-18
U0497,P0146,4,219.16,2025-10-09
U0197,P0137,3,52.41,2026-01-28
U0074,P0173,1,469.9,2025-08-22
U0393,P0033,4,375.8,2025-08-24
U0365,P0127,2,66.88,2025-05-24
U0484,P0060,3,1208.85,2025-03-31
U0012,P0158,4,156.64,2025-05-30
U0399,P0056,3,4534.44,2025-04-09
U0450,P0069,2,270.72,2026-02-16
U0068,P0148,1,23.07,2025-10-22
U0224,P0169,3,4703.76,2026-03-23
U0096,P0038,2,70.34,2025-10-27
U0458,P0127,4,133.76,2025-06-17
U0439,P0177,1,15.0,2025-10-30
U0467,P0089,4,681.2,2025-06-08
U0238,P0036,3,22.11,2026-01-25
U0443,P0134,3,1379.58,2025-04-02
U0336,P0014,4,3563.28,2026-03-13
U0105,P0059,5,1834.4,2025-06-27
U0069,P0024,3,1366.38,2025-08-06
U0285,P0175,2,147.62,2025-11-21
U0099,P0114,2,95.1,2025-04-04
U0029,P0146,3,164.37,2025-10-14
U0033,P0184,4,164.48,2025-07-19
U0205,P0197,4,347.96,2026-03-19
U0203,P0051,4,413.48,2025-05-07
U0113,P0172,2,214.86,2025-07-02
U0219,P0052,1,18.98,2026-01-27
U0035,P0036,2,14.74,2026-03-12
U0421,P0013,5,716.35,2025-10-27
U0258,P0069,2,270.72,2025-09-08
U0419,P0065,5,597.65,2025-12-11
U0105,P0193,2,844.66,2025-08-21
U0435,P0116,5,486.2,2025-09-11
U0012,P0131,2,423.9,2025-04-06
U0277,P0155,4,1968.84,2025-07-13
U0371,P0190,1,1729.92,2025-04-02
U0106,P0098,1,18.59,2025-10-05
U0328,P0174,3,3410.82,2025-05-19
U0470,P0074,4,1903.92,2025-05-23
U0069,P0007,5,420.25,2025-09-17
U0470,P0108,3,2425.35,2025-06-08
U0367,P0014,1,890.82,2025-12-19
U0075,P0067,5,1699.5,2025-09-17
U0391,P0024,5,2277.3,2025-12-05
U0192,P0013,1,143.27,2026-02-14
U0056,P0085,3,117.36,2025-09-06
U0057,P0122,3,88.38,2025-06-27
U0367,P0177,1,15.0,2025-06-22
U0450,P0013,2,286.54,2025-06-30
U0376,P0131,5,1059.75,2025-05-02
U0388,P0187,1,273.92,2025-10-30
U0131,P0164,1,30.66,2026-02-22
U0145,P0016,3,271.17,2025-11-22
U0033,P0090,4,225.44,2025-09-09
U0458,P0131,3,635.85,2026-02-15
U0352,P0055,3,878.01,2025-12-18
U0268,P0163,1,829.32,2025-11-05
U0264,P0166,2,269.94,2025-07-24
U0159,P0118,3,400.14,2025-09-26
U0259,P0013,2,286.54,2026-03-04
U0320,P0164,1,30.66,2026-02-01
U0473,P0104,5,55.6,2025-10-14
U0196,P0073,4,502.04,2026-01-28
U0250,P0116,5,486.2,2025-11-11
U0019,P0024,5,2277.3,2026-03-06
U0080,P0119,1,1805.09,2025-08-30
U0460,P0156,5,3075.8,2025-04-04
U0287,P0166,2,269.94,2025-07-21
U0360,P0027,4,1668.92,2026-02-06
U0055,P0094,5,912.85,2025-09-07
U0218,P0133,4,420.32,2026-01-27
U0044,P0146,5,273.95,2025-07-28
U0424,P0099,4,3154.24,2025-09-24
U0297,P0189,5,161.4,2025-12-12
U0340,P0051,2,206.74,2025-08-26
U0034,P0122,1,29.46,2025-10-12
U0443,P0008,3,2013.54,2025-06-24
U0107,P0096,2,34.54,2025-11-15
U0183,P0165,5,6954.3,2026-02-19
U0302,P0090,4,225.44,2025-10-09
U0226,P0181,2,648.24,2025-06-19
U0190,P0064,3,139.14,2025-11-23
U0127,P0149,5,2383.6,2025-07-08
U0084,P0073,2,251.02,2025-09-08
U0205,P0169,2,3135.84,2026-02-05
U0240,P0199,4,439.6,2025-10-05
U0287,P0012,1,44.15,2025-04-11
U0170,P0139,3,1028.04,2025-08-20
U0220,P0141,4,160.4,2025-05-20
U0445,P0054,1,43.99,2025-12-12
U0004,P0039,5,308.7,2025-10-02
U0105,P0041,4,493.52,2025-12-24
U0246,P0194,4,61.24,2025-08-17
U0304,P0144,2,270.36,2025-11-15
U0163,P0018,3,118.47,2025-03-27
U0032,P0043,3,111.69,2026-01-20
U0448,P0133,3,315.24,2025-10-23
U0219,P0028,2,8.24,2026-03-23
U0412,P0140,4,326.24,2025-12-18
U0482,P0002,5,466.3,2025-06-10
U0474,P0121,2,1340.44,2026-03-21
U0328,P0117,2,67.68,2025-06-14
U0443,P0184,2,82.24,2025-07-21
U0407,P0122,4,117.84,2025-08-04
U0471,P0192,1,1515.96,2026-01-23
U0450,P0195,5,594.35,2025-10-27
U0072,P0082,2,171.42,2025-04-05
U0376,P0124,5,2794.35,2025-09-07
U0102,P0001,5,3028.65,2026-02-22
U0005,P0114,1,47.55,2026-01-10
U0038,P0013,2,286.54,2025-11-03
U0073,P0050,3,104.22,2025-04-14
U0149,P0126,2,1336.56,2025-04-12
U0494,P0014,3,2672.46,2025-04-22
U0248,P0178,4,300.2,2025-07-28
U0049,P0194,5,76.55,2025-03-26
U0463,P0110,1,188.65,2025-04-12
U0297,P0150,4,90.48,2026-01-29
U0193,P0094,5,912.85,2025-08-15
U0180,P0198,4,1781.88,2025-08-31
U0395,P0117,4,135.36,2025-10-25
U0021,P0156,5,3075.8,2025-04-11
U0194,P0135,2,792.18,2025-12-16
U0148,P0200,3,386.19,2026-03-17
U0009,P0158,3,117.48,2026-01-07
U0083,P0073,2,251.02,2025-04-14
U0195,P0175,3,221.43,2025-12-15
U0400,P0118,5,666.9,2025-12-13
U0491,P0178,2,150.1,2026-01-19
U0429,P0023,5,288.55,2026-02-15
U0390,P0067,2,679.8,2025-05-10
U0361,P0004,4,1237.96,2026-03-15
U0186,P0178,3,225.15,2025-07-24
U0344,P0063,4,280.88,2026-02-28
U0391,P0030,3,84.93,2025-07-16
U0404,P0164,5,153.3,2026-01-26
U0043,P0085,1,39.12,2025-03-31
U0050,P0012,1,44.15,2025-09-03
U0363,P0039,4,246.96,2026-03-21
U0016,P0130,1,89.67,2026-01-16
U0206,P0090,5,281.8,2025-06-06
U0368,P0054,3,131.97,2025-07-29
U0466,P0087,5,1310.3,2025-08-04
U0443,P0143,2,120.4,2025-12-03
U0164,P0074,5,2379.9,2025-07-12
U0366,P0053,3,3425.31,2025-07-17
U0458,P0023,5,288.55,2025-12-20
U0056,P0073,5,627.55,2025-08-31
U0242,P0146,1,54.79,2025-11-16
U0197,P0063,5,351.1,2025-08-26
U0325,P0100,3,1326.09,2025-04-12
U0426,P0062,2,176.68,2026-03-14
U0449,P0054,1,43.99,2025-07-15
U0355,P0036,4,29.48,2025-08-21
U0187,P0038,5,175.85,2026-01-12
U0159,P0101,5,985.0,2025-10-06
U0136,P0152,2,491.68,2025-07-13
U0343,P0033,3,281.85,2026-03-24
U0021,P0009,2,93.2,2026-03-15
U0280,P0101,1,197.0,2026-02-09
U0156,P0171,4,1619.96,2026-03-17
U0164,P0023,5,288.55,2026-03-13
U0287,P0197,3,260.97,2025-11-02
U0107,P0037,4,1138.44,2026-01-26
U0206,P0167,2,3455.72,2026-02-24
U0451,P0166,2,269.94,2025-11-25
U0164,P0108,2,1616.9,2025-09-11
U0307,P0183,2,287.84,2026-03-19
U0046,P0015,1,375.07,2026-03-06
U0302,P0014,5,4454.1,2025-05-25
U0302,P0061,1,43.64,2025-06-15
U0228,P0134,1,459.86,2026-03-24
U0415,P0080,5,615.6,2026-03-03
U0089,P0135,2,792.18,2025-10-05
U0358,P0072,1,63.56,2025-10-05
U0279,P0154,2,111.5,2025-05-10
U0350,P0013,5,716.35,2025-11-28
U0026,P0068,2,2966.72,2025-05-05
U0228,P0107,4,662.32,2026-02-08
U0125,P0198,4,1781.88,2025-09-05
U0088,P0137,1,17.47,2025-07-06
U0404,P0022,2,52.52,2026-01-14
U0346,P0163,4,3317.28,2025-07-02
U0035,P0090,5,281.8,2025-10-21
U0400,P0118,3,400.14,2025-08-03
U0434,P0001,3,1817.19,2025-12-03
U0038,P0023,1,57.71,2025-09-28
U0349,P0141,2,80.2,2025-04-14
U0400,P0190,2,3459.84,2026-03-21
U0442,P0157,4,624.04,2025-07-14
U0477,P0052,5,94.9,2025-08-08
U0317,P0129,3,546.87,2026-01-13
U0049,P0143,5,301.0,2026-01-21
U0383,P0079,2,875.18,2025-04-18
U0217,P0156,2,1230.32,2025-07-26
U0209,P0188,3,284.16,2025-04-28
U0015,P0194,1,15.31,2025-08-30
U0416,P0125,4,799.68,2025-07-23
U0354,P0026,5,3189.7,2025-07-15
U0246,P0102,2,248.98,2025-04-23
U0272,P0139,2,685.36,2025-08-28
U0475,P0061,4,174.56,2025-06-20
U0270,P0171,3,1214.97,2026-03-13
U0045,P0187,4,1095.68,2025-05-02
U0083,P0118,4,533.52,2025-12-27
U0304,P0041,2,246.76,2025-08-20
U0222,P0112,4,820.24,2025-07-05
U0426,P0177,5,75.0,2026-03-20
U0292,P0180,2,176.5,2025-08-08
U0330,P0102,1,124.49,2025-09-04
U0419,P0084,2,20.42,2025-12-20
U0282,P0165,5,6954.3,2025-04-13
U0457,P0183,5,719.6,2025-05-18
U0001,P0119,3,5415.27,2025-06-01
U0299,P0062,3,265.02,2025-06-09
U0275,P0028,2,8.24,2025-10-11
U0175,P0160,4,192.72,2025-07-23
U0239,P0039,4,246.96,2025-10-11
U0499,P0155,4,1968.84,2025-09-12
U0152,P0007,5,420.25,2025-12-19
U0468,P0143,3,180.6,2025-06-26
U0013,P0082,1,85.71,2026-02-16
U0471,P0182,3,1143.9,2026-01-21
U0396,P0113,1,37.35,2025-09-08
U0169,P0124,5,2794.35,2025-05-31
U0097,P0147,1,315.34,2026-01-13
U0303,P0091,4,149.28,2025-09-27
U0411,P0024,5,2277.3,2025-06-26
U0226,P0021,1,854.38,2025-10-19
U0270,P0110,1,188.65,2026-02-25
U0447,P0167,3,5183.58,2026-03-03
U0003,P0184,5,205.6,2025-12-21
U0135,P0070,5,461.05,2025-03-30
U0327,P0047,5,1461.05,2025-08-09
U0288,P0126,3,2004.84,2025-05-02
U0238,P0013,2,286.54,2025-05-01
U0009,P0199,2,219.8,2025-05-28
U0101,P0005,1,984.01,2026-02-01
U0375,P0039,3,185.22,2025-05-05
U0007,P0017,5,247.25,2025-09-06
U0428,P0161,1,721.16,2025-07-16
U0141,P0044,5,657.85,2026-03-14
U0206,P0170,5,107.05,2025-09-30
U0077,P0047,2,584.42,2025-11-29
U0436,P0049,4,1456.92,2025-05-20
U0108,P0031,5,4900.0,2026-03-17
U0197,P0044,1,131.57,2026-03-19
U0401,P0128,2,1501.3,2026-03-15
U0482,P0035,3,861.12,2025-12-27
U0464,P0099,4,3154.24,2026-01-13
U0133,P0180,5,441.25,2025-08-06
U0187,P0062,4,353.36,2025-05-04
U0148,P0007,3,252.15,2025-07-15
U0453,P0177,1,15.0,2025-05-01
U0391,P0071,3,106.98,2025-09-06
U0485,P0170,5,107.05,2025-09-18
U0462,P0105,4,33.32,2025-11-15
U0026,P0185,4,287.6,2025-06-21
U0463,P0127,2,66.88,2025-09-21
U0331,P0078,3,2466.99,2025-09-16
U0113,P0066,3,202.92,2026-02-20
U0144,P0098,4,74.36,2025-06-17
U0500,P0138,4,1789.48,2025-09-25
U0475,P0132,2,3351.52,2025-04-18
U0383,P0069,5,676.8,2025-12-14
U0403,P0076,5,2302.25,2025-11-28
U0339,P0091,5,186.6,2025-08-18
U0323,P0041,4,493.52,2025-07-15
U0111,P0112,4,820.24,2025-10-23
U0266,P0081,2,670.24,2026-01-06
U0016,P0170,4,85.64,2025-07-26
U0187,P0135,4,1584.36,2026-03-23
U0474,P0131,5,1059.75,2025-10-28
U0125,P0041,4,493.52,2025-05-17
U0288,P0056,3,4534.44,2025-10-23
U0125,P0187,4,1095.68,2025-05-24
U0354,P0087,5,1310.3,2026-03-09
U0183,P0007,3,252.15,2025-10-13
U0410,P0016,3,271.17,2026-03-09
U0306,P0045,5,161.75,2025-11-08
U0206,P0119,2,3610.18,2026-03-21
U0027,P0118,2,266.76,2025-11-02
U0089,P0195,5,594.35,2025-12-15
U0291,P0012,4,176.6,2025-08-09
U0117,P0190,4,6919.68,2026-01-12
U0433,P0152,3,737.52,2025-11-07
U0326,P0089,1,170.3,2025-11-22
U0288,P0008,1,671.18,2025-08-22
U0071,P0086,5,1788.15,2025-09-27
U0057,P0091,1,37.32,2025-04-13
U0068,P0177,1,15.0,2025-10-23
U0176,P0006,2,131.06,2025-06-11
U0049,P0080,2,246.24,2025-10-01
U0117,P0017,2,98.9,2025-07-31
U0306,P0068,2,2966.72,2025-12-01
U0385,P0126,5,3341.4,2025-10-07
U0097,P0021,1,854.38,2026-01-27
U0073,P0062,3,265.02,2025-06-04
U0015,P0071,2,71.32,2025-09-01
U0184,P0048,4,31.96,2025-11-10
U0077,P0142,4,3840.92,2025-04-14
U0195,P0047,3,876.63,2026-01-28
U0355,P0014,5,4454.1,2025-09-20
U0254,P0058,5,1221.85,2025-12-17
U0284,P0184,3,123.36,2025-09-28
U0150,P0088,1,34.62,2025-11-13
U0324,P0194,4,61.24,2026-03-05
U0409,P0155,1,492.21,2025-05-30
U0119,P0083,1,15.37,2026-02-13
U0245,P0171,3,1214.97,2025-09-30
U0425,P0092,3,796.71,2025-04-09
U0113,P0177,4,60.0,2025-04-02
U0017,P0196,4,1959.0,2026-01-15
U0243,P0048,5,39.95,2026-01-29
U0213,P0117,2,67.68,2025-11-19
U0227,P0065,4,478.12,2026-02-05
U0432,P0036,1,7.37,2025-04-18
U0163,P0122,3,88.38,2025-08-21
U0369,P0185,2,143.8,2025-08-20
U0132,P0026,2,1275.88,2025-08-20
U0015,P0132,3,5027.28,2025-06-29
U0061,P0131,4,847.8,2025-09-06
U0082,P0004,5,1547.45,2025-05-11
U0478,P0016,4,361.56,2025-06-06
U0120,P0022,5,131.3,2025-08-17
U0124,P0006,2,131.06,2025-05-13
U0307,P0087,1,262.06,2025-08-14
U0382,P0127,1,33.44,2025-10-17
U0172,P0009,3,139.8,2025-05-14
U0421,P0152,5,1229.2,2026-01-11
U0470,P0033,4,375.8,2025-08-12
U0117,P0174,1,1136.94,2025-12-27
U0488,P0195,2,237.74,2025-11-02
U0401,P0059,5,1834.4,2025-06-14
U0272,P0010,3,1400.7,2025-07-11
U0177,P0024,3,1366.38,2025-04-27
U0078,P0015,2,750.14,2025-09-17
U0312,P0063,4,280.88,2025-10-24
U0188,P0012,2,88.3,2025-06-15
U0090,P0185,2,143.8,2026-01-30
U0127,P0066,2,135.28,2025-07-27
U0186,P0197,3,260.97,2025-08-11
U0194,P0120,2,1024.1,2025-05-19
U0313,P0017,1,49.45,2025-10-07
U0150,P0152,1,245.84,2025-10-30
U0322,P0067,2,679.8,2026-02-10
U0267,P0182,2,762.6,2025-04-28
U0154,P0064,4,185.52,2025-05-15
U0191,P0058,1,244.37,2026-03-06
U0352,P0168,2,3553.32,2025-04-19
U0300,P0124,4,2235.48,2026-01-24
U0348,P0165,1,1390.86,2025-10-12
U0009,P0105,2,16.66,2025-04-10
U0300,P0030,4,113.24,2025-05-20
U0065,P0100,3,1326.09,2026-02-21
U0466,P0116,2,194.48,2026-01-02
U0261,P0029,4,293.52,2026-01-12
U0351,P0158,1,39.16,2026-02-26
U0375,P0129,4,729.16,2025-11-28
U0420,P0159,2,1774.56,2026-01-04
U0051,P0152,5,1229.2,2025-11-19
U0204,P0146,1,54.79,2025-10-12
U0227,P0056,4,6045.92,2025-08-15
U0399,P0124,1,558.87,2026-03-12
U0184,P0036,5,36.85,2025-07-05
U0350,P0116,4,388.96,2026-03-25
U0227,P0165,3,4172.58,2025-09-29
U0436,P0153,5,1686.7,2026-02-12
U0192,P0051,1,103.37,2025-11-15
U0141,P0082,1,85.71,2026-03-20
U0415,P0046,1,187.29,2026-01-17
U0398,P0166,4,539.88,2025-07-02
U0125,P0144,4,540.72,2025-06-14
U0314,P0009,2,93.2,2025-10-18
U0327,P0089,1,170.3,2025-12-28
U0305,P0081,5,1675.6,2025-09-02
U0232,P0195,4,475.48,2026-03-01
U0122,P0167,1,1727.86,2025-11-06
U0005,P0155,2,984.42,2025-11-06
U0209,P0176,4,56.4,2025-04-12
U0179,P0077,1,184.58,2025-06-24
U0365,P0186,2,139.48,2025-11-23
U0404,P0109,5,702.5,2025-07-10
U0050,P0012,1,44.15,2025-11-21
U0426,P0141,2,80.2,2025-08-09
U0089,P0019,1,58.0,2025-10-16
U0052,P0063,2,140.44,2025-11-02
U0193,P0016,1,90.39,2025-06-19
U0159,P0041,2,246.76,2026-03-24
U0051,P0061,5,218.2,2025-04-23
U0281,P0044,3,394.71,2025-11-25
U0089,P0009,5,233.0,2025-12-15
U0351,P0188,1,94.72,2025-04-15
U0199,P0134,1,459.86,2025-05-03
U0211,P0057,4,1116.84,2026-03-21
U0122,P0138,5,2236.85,2025-04-13
U0342,P0175,1,73.81,2025-04-27
U0481,P0180,4,353.0,2025-11-20
U0378,P0098,5,92.95,2026-03-19
U0239,P0192,5,7579.8,2025-05-26
U0362,P0079,4,1750.36,2025-08-18
U0247,P0048,1,7.99,2026-03-04
U0012,P0091,2,74.64,2026-02-12
U0132,P0179,1,272.6,2026-02-28
U0495,P0122,1,29.46,2025-08-04
U0059,P0112,2,410.12,2025-11-08
U0288,P0094,1,182.57,2025-04-25
U0344,P0137,5,87.35,2025-10-12
U0054,P0047,2,584.42,2025-08-03
U0004,P0136,3,569.61,2026-02-12
U0392,P0029,5,366.9,2026-02-12
U0319,P0068,3,4450.08,2025-09-21
U0133,P0094,4,730.28,2025-05-19
U0242,P0037,5,1423.05,2025-09-04
U0177,P0087,4,1048.24,2026-01-26
U0308,P0048,4,31.96,2025-08-18
U0256,P0021,2,1708.76,2025-08-13
U0229,P0188,1,94.72,2025-04-07
U0387,P0173,5,2349.5,2025-07-12
U0213,P0193,2,844.66,2025-08-20
U0124,P0150,3,67.86,2025-09-01
U0055,P0035,4,1148.16,2025-09-11
U0473,P0199,4,439.6,2025-06-20
U0113,P0007,3,252.15,2025-09-20
U0254,P0054,4,175.96,2026-02-03
U0101,P0140,5,407.8,2025-07-24
U0383,P0074,1,475.98,2025-12-31
U0374,P0036,2,14.74,2025-04-08
U0336,P0184,3,123.36,2025-04-18
U0195,P0018,3,118.47,2025-10-24
U0404,P0101,4,788.0,2025-12-25
U0254,P0109,2,281.0,2025-12-04
U0001,P0076,1,460.45,2026-02-17
U0413,P0118,4,533.52,2026-02-04
U0351,P0077,2,369.16,2025-05-09
U0344,P0027,3,1251.69,2025-12-20
U0152,P0131,2,423.9,2026-01-27
U0308,P0102,5,622.45,2025-08-22
U0107,P0107,3,496.74,2025-07-23
U0014,P0065,4,478.12,2025-10-16
U0194,P0138,5,2236.85,2025-09-08
U0304,P0131,4,847.8,2026-03-14
U0111,P0097,5,616.75,2025-06-12
U0400,P0060,1,402.95,2026-03-11
U0143,P0139,2,685.36,2025-07-19
U0350,P0155,2,984.42,2025-09-01
U0374,P0059,1,366.88,2025-09-30
U0296,P0047,2,584.42,2025-03-29
U0486,P0153,1,337.34,2025-04-21
U0330,P0043,4,148.92,2026-02-24
U0197,P0085,5,195.6,2025-12-01
U0144,P0017,1,49.45,2025-11-10
U0026,P0097,2,246.7,2025-06-02
U0049,P0021,5,4271.9,2025-08-06
U0088,P0033,5,469.75,2026-01-04
U0144,P0123,1,57.29,2025-07-03
U0099,P0006,1,65.53,2025-06-24
U0059,P0115,5,370.3,2025-09-01
U0334,P0014,4,3563.28,2025-10-05
U0347,P0115,5,370.3,2025-05-16
U0374,P0187,5,1369.6,2025-04-24
U0130,P0148,4,92.28,2025-10-31
U0298,P0158,4,156.64,2025-05-10
U0308,P0015,3,1125.21,2026-01-02
U0477,P0035,1,287.04,2025-07-17
U0064,P0029,3,220.14,2025-06-19
U0438,P0105,3,24.99,2025-08-24
U0183,P0133,1,105.08,2025-06-15
U0318,P0137,1,17.47,2026-03-21
U0222,P0020,4,1393.76,2025-12-07
U0324,P0176,3,42.3,2025-08-29
U0442,P0063,1,70.22,2025-08-29
U0103,P0025,2,17.62,2025-05-24
U0237,P0094,3,547.71,2025-08-08
U0419,P0046,4,749.16,2026-02-01
U0215,P0153,3,1012.02,2025-05-18
U0211,P0056,4,6045.92,2025-06-11
U0260,P0019,1,58.0,2025-06-05
U0430,P0055,5,1463.35,2025-04-06
U0364,P0152,5,1229.2,2025-05-30
U0028,P0101,5,985.0,2025-12-30
U0358,P0013,1,143.27,2025-12-09
U0330,P0004,4,1237.96,2026-02-14
U0219,P0127,3,100.32,2025-12-19
U0408,P0175,2,147.62,2026-01-26
U0200,P0057,2,558.42,2025-08-22
U0472,P0031,2,1960.0,2026-02-14
U0241,P0158,5,195.8,2025-10-08
U0138,P0149,1,476.72,2026-03-02
U0159,P0177,5,75.0,2026-02-25
U0125,P0122,2,58.92,2025-05-22
U0183,P0192,3,4547.88,2025-09-16
U0265,P0199,3,329.7,2025-07-11
U0116,P0088,4,138.48,2025-11-25
U0349,P0154,5,278.75,2025-06-18
U0389,P0032,2,130.48,2025-07-22
U0436,P0072,2,127.12,2025-05-20
U0324,P0040,2,91.34,2025-10-12
U0398,P0088,1,34.62,2025-08-13
U0415,P0070,1,92.21,2025-05-22
U0359,P0190,2,3459.84,2025-10-11
U0286,P0018,3,118.47,2025-07-16
U0445,P0108,2,1616.9,2026-01-30
U0420,P0181,2,648.24,2025-03-29
U0097,P0104,1,11.12,2026-01-22
U0357,P0139,4,1370.72,2025-11-26
U0293,P0154,3,167.25,2025-09-23
U0133,P0026,2,1275.88,2025-06-14
U0129,P0082,2,171.42,2026-02-05
U0161,P0100,2,884.06,2026-02-27
U0309,P0063,1,70.22,2025-07-28
U0307,P0103,5,904.55,2025-04-21
U0378,P0087,5,1310.3,2026-03-02
U0334,P0151,4,213.84,2025-04-03
U0339,P0079,3,1312.77,2025-06-02
U0276,P0119,2,3610.18,2025-05-07
U0143,P0187,1,273.92,2025-06-11
U0384,P0157,5,780.05,2025-12-25
U0360,P0028,4,16.48,2025-07-21
U0326,P0199,2,219.8,2025-10-08
U0334,P0195,1,118.87,2025-08-23
U0206,P0131,1,211.95,2026-02-19
U0450,P0053,2,2283.54,2025-05-11
U0241,P0050,4,138.96,2025-08-06
U0015,P0123,2,114.58,2026-01-23
U0246,P0169,2,3135.84,2025-03-29
U0151,P0003,2,2218.56,2025-10-20
U0068,P0167,2,3455.72,2025-04-29
U0088,P0189,3,96.84,2026-02-05
U0353,P0158,5,195.8,2025-11-28
U0416,P0016,4,361.56,2025-04-15
U0468,P0063,2,140.44,2025-11-25
U0223,P0081,3,1005.36,2026-03-18
U0049,P0140,1,81.56,2025-04-27
U0405,P0080,3,369.36,2025-11-08
U0087,P0076,5,2302.25,2025-11-07
U0080,P0172,1,107.43,2026-01-04
U0355,P0072,2,127.12,2025-09-18
U0004,P0179,5,1363.0,2025-10-19
U0225,P0106,3,278.55,2025-03-31
U0458,P0024,1,455.46,2025-04-17
U0377,P0132,4,6703.04,2025-04-23
U0034,P0087,4,1048.24,2025-11-05
U0005,P0157,5,780.05,2025-10-31
U0053,P0080,4,492.48,2025-09-27
U0099,P0159,5,4436.4,2025-05-12
U0362,P0017,2,98.9,2025-07-29
U0020,P0082,3,257.13,2025-05-04
U0069,P0077,3,553.74,2026-02-06
U0351,P0163,5,4146.6,2026-02-25
U0261,P0046,4,749.16,2026-02-15
U0342,P0200,1,128.73,2026-03-12
U0330,P0052,3,56.94,2025-09-10
U0164,P0158,3,117.48,2025-12-23
U0384,P0148,5,115.35,2025-12-26
U0019,P0163,2,1658.64,2025-11-22
U0246,P0098,4,74.36,2025-08-16
U0299,P0170,4,85.64,2025-05-22
U0089,P0199,2,219.8,2025-06-07
U0178,P0060,2,805.9,2025-06-23
U0197,P0024,5,2277.3,2025-11-17
U0048,P0017,5,247.25,2025-12-17
U0312,P0174,1,1136.94,2025-05-11
U0407,P0060,3,1208.85,2026-01-20
U0144,P0168,2,3553.32,2025-10-26
U0002,P0097,4,493.4,2025-04-15
U0091,P0132,2,3351.52,2025-11-07
U0210,P0049,2,728.46,2025-10-23
U0346,P0133,5,525.4,2025-05-20
U0118,P0061,3,130.92,2025-12-09
U0242,P0095,1,492.02,2025-06-29
U0196,P0112,5,1025.3,2025-11-15
U0375,P0010,5,2334.5,2025-08-15
U0398,P0093,3,43.62,2025-12-26
U0146,P0064,5,231.9,2025-12-25
U0197,P0159,2,1774.56,2025-06-15
U0169,P0088,1,34.62,2025-08-07
U0138,P0053,3,3425.31,2026-03-14
U0296,P0089,2,340.6,2025-06-12
U0325,P0134,5,2299.3,2025-09-15
U0312,P0070,4,368.84,2025-05-06
U0444,P0003,2,2218.56,2025-06-07
U0219,P0155,4,1968.84,2025-10-31
U0168,P0054,3,131.97,2025-05-22
U0050,P0121,4,2680.88,2025-10-08
U0023,P0067,4,1359.6,2026-01-21
U0411,P0141,5,200.5,2025-12-12
U0003,P0010,5,2334.5,2025-05-28
U0175,P0071,2,71.32,2025-06-17
U0261,P0117,2,67.68,2025-11-05
U0146,P0190,5,8649.6,2025-04-29
U0206,P0171,4,1619.96,2025-07-04
U0493,P0112,4,820.24,2025-08-07
U0302,P0138,5,2236.85,2025-06-02
U0133,P0117,1,33.84,2025-08-28
U0359,P0028,4,16.48,2025-04-01
U0437,P0165,1,1390.86,2025-08-16
U0300,P0014,1,890.82,2025-11-12
U0319,P0113,1,37.35,2026-02-12
U0014,P0195,2,237.74,2025-06-30
U0134,P0184,4,164.48,2026-02-01
U0173,P0101,4,788.0,2025-09-23
U0215,P0111,3,112.14,2026-03-25
U0335,P0087,1,262.06,2025-06-21
U0373,P0130,4,358.68,2026-03-15
U0352,P0025,4,35.24,2025-07-17
U0340,P0075,3,34.74,2025-06-10
U0455,P0186,2,139.48,2025-12-11
U0146,P0178,2,150.1,2025-09-18
U0313,P0164,4,122.64,2025-06-04
U0265,P0084,1,10.21,2025-11-03
U0166,P0195,1,118.87,2025-04-29
U0172,P0105,4,33.32,2025-03-28
U0296,P0059,4,1467.52,2025-10-01
U0160,P0012,2,88.3,2025-03-26
U0384,P0068,2,2966.72,2025-06-11
U0223,P0019,4,232.0,2025-03-31
U0275,P0151,2,106.92,2025-10-07
U0411,P0115,1,74.06,2025-10-23
U0491,P0009,2,93.2,2025-10-07
U0029,P0175,2,147.62,2025-06-23
U0166,P0181,4,1296.48,2025-08-18
U0382,P0045,4,129.4,2025-10-22
U0264,P0019,4,232.0,2025-11-18
U0265,P0166,3,404.91,2025-06-05
U0126,P0195,4,475.48,2025-06-12
U0445,P0014,4,3563.28,2025-12-15
U0166,P0132,3,5027.28,2025-12-02
U0010,P0185,1,71.9,2026-03-14
U0395,P0021,2,1708.76,2025-08-13
U0282,P0148,4,92.28,2025-05-22
U0171,P0022,5,131.3,2025-04-27
U0107,P0001,3,1817.19,2025-04-30
U0472,P0129,3,546.87,2026-01-09
U0465,P0182,4,1525.2,2025-08-02
U0180,P0135,4,1584.36,2025-07-25
U0025,P0056,4,6045.92,2025-10-09
U0213,P0038,1,35.17,2025-12-16
U0383,P0109,2,281.0,2025-11-16
U0156,P0175,3,221.43,2025-12-07
U0322,P0153,3,1012.02,2025-08-31
U0261,P0200,5,643.65,2025-09-13
U0383,P0190,2,3459.84,2025-11-26
U0054,P0138,1,447.37,2025-04-14
U0494,P0039,2,123.48,2025-12-02
U0190,P0113,4,149.4,2026-02-08
U0245,P0183,1,143.92,2025-08-08
U0452,P0057,1,279.21,2025-08-09
U0155,P0072,3,190.68,2025-08-01
U0237,P0110,2,377.3,2025-04-14
U0212,P0035,4,1148.16,2025-11-20
U0483,P0101,4,788.0,2025-06-23
U0161,P0179,1,272.6,2025-07-08
U0315,P0142,5,4801.15,2025-07-18
U0417,P0127,3,100.32,2025-07-15
U0495,P0198,3,1336.41,2025-05-16
U0140,P0176,3,42.3,2025-04-27
U0123,P0074,5,2379.9,2025-03-26
U0172,P0036,5,36.85,2025-09-25
U0435,P0049,4,1456.92,2025-08-02
U0404,P0065,1,119.53,2025-11-23
U0244,P0100,4,1768.12,2025-08-23
U0286,P0122,3,88.38,2026-03-13
U0136,P0039,1,61.74,2025-07-23
U0216,P0120,3,1536.15,2026-02-12
U0158,P0153,4,1349.36,2025-09-27
U0103,P0077,1,184.58,2026-02-15
U0163,P0194,4,61.24,2025-12-09
U0334,P0199,2,219.8,2026-02-23
U0319,P0151,1,53.46,2026-03-09
U0330,P0184,1,41.12,2025-06-06
U0436,P0072,1,63.56,2025-08-28
U0191,P0102,3,373.47,2025-07-09
U0077,P0062,3,265.02,2025-11-11
U0176,P0063,5,351.1,2025-10-06
U0336,P0169,4,6271.68,2025-09-19
U0126,P0088,2,69.24,2025-12-13
U0443,P0174,2,2273.88,2025-08-27
U0221,P0009,1,46.6,2026-03-07
U0134,P0120,1,512.05,2025-06-06
U0378,P0021,1,854.38,2026-02-23
U0377,P0063,3,210.66,2025-05-30
U0386,P0171,3,1214.97,2025-08-22
U0040,P0021,5,4271.9,2025-04-07
U0392,P0154,5,278.75,2025-06-08
U0303,P0189,4,129.12,2025-10-16
U0042,P0023,5,288.55,2026-02-01
U0350,P0082,5,428.55,2025-12-05
U0384,P0115,3,222.18,2025-09-01
U0219,P0020,3,1045.32,2025-10-20
U0241,P0115,4,296.24,2026-02-06
U0262,P0165,4,5563.44,2025-07-07
U0250,P0172,1,107.43,2025-11-02
U0369,P0119,5,9025.45,2025-08-27
U0205,P0172,4,429.72,2025-06-18
U0454,P0038,5,175.85,2026-03-17
U0380,P0096,2,34.54,2025-09-18
U0207,P0088,5,173.1,2025-05-29
U0192,P0005,5,4920.05,2025-05-01
U0317,P0018,3,118.47,2025-12-31
U0360,P0060,2,805.9,2026-03-24
U0374,P0047,5,1461.05,2025-03-30
U0096,P0128,4,3002.6,2025-10-30
U0438,P0005,3,2952.03,2025-11-03
U0430,P0124,2,1117.74,2025-05-10
U0274,P0109,2,281.0,2026-01-05
U0035,P0065,1,119.53,2025-09-25
U0035,P0056,1,1511.48,2025-06-26
U0199,P0097,1,123.35,2025-10-19
U0249,P0079,4,1750.36,2025-11-21
U0110,P0142,5,4801.15,2026-02-07
U0130,P0117,5,169.2,2025-10-03
U0086,P0067,4,1359.6,2025-10-23
U0443,P0078,2,1644.66,2026-03-24
U0097,P0084,5,51.05,2025-11-11
U0145,P0027,1,417.23,2025-04-15
U0086,P0185,2,143.8,2025-07-10
U0247,P0166,2,269.94,2025-09-24
U0043,P0138,4,1789.48,2025-08-26
U0159,P0128,4,3002.6,2025-10-22
U0049,P0053,1,1141.77,2025-12-11
U0471,P0094,1,182.57,2025-07-10
U0346,P0049,1,364.23,2026-01-12
U0182,P0132,3,5027.28,2025-12-15
U0137,P0108,3,2425.35,2025-06-25
U0418,P0021,3,2563.14,2025-12-08
U0487,P0160,5,240.9,2025-06-23
U0187,P0164,2,61.32,2025-04-04
U0061,P0126,5,3341.4,2025-05-21
U0168,P0088,5,173.1,2025-05-12
U0030,P0148,5,115.35,2025-10-21
U0362,P0174,1,1136.94,2025-12-28
U0498,P0142,4,3840.92,2025-10-07
U0185,P0133,1,105.08,2025-09-14
U0236,P0089,5,851.5,2025-12-24
U0111,P0138,2,894.74,2026-02-04
U0301,P0057,3,837.63,2025-06-26
U0391,P0147,1,315.34,2025-06-18
U0457,P0184,1,41.12,2026-02-25
U0101,P0137,1,17.47,2025-11-13
U0444,P0099,2,1577.12,2025-11-13
U0066,P0181,5,1620.6,2025-12-27
U0160,P0041,1,123.38,2025-04-07
U0312,P0095,5,2460.1,2025-07-31
U0382,P0062,1,88.34,2025-05-29
U0377,P0027,2,834.46,2026-02-21
U0264,P0081,2,670.24,2025-07-27
U0464,P0050,3,104.22,2026-02-07
U0045,P0076,4,1841.8,2026-02-08
U0101,P0064,1,46.38,2025-10-06
U0452,P0165,3,4172.58,2025-09-21
U0101,P0014,1,890.82,2025-10-12
U0115,P0010,2,933.8,2026-02-23
U0414,P0079,3,1312.77,2026-03-20
U0231,P0113,5,186.75,2026-02-08
U0344,P0183,1,143.92,2026-03-01
U0316,P0190,4,6919.68,2025-09-22
U0315,P0141,3,120.3,2025-04-20
U0394,P0081,3,1005.36,2025-08-04
U0209,P0190,4,6919.68,2025-11-24
U0384,P0079,3,1312.77,2025-10-21
U0062,P0143,2,120.4,2025-05-24
U0303,P0026,2,1275.88,2025-08-29
U0481,P0158,5,195.8,2025-11-09
U0175,P0040,1,45.67,2025-08-24
U0158,P0176,1,14.1,2025-05-13
U0470,P0188,1,94.72,2026-03-14
U0215,P0027,4,1668.92,2025-05-01
U0195,P0177,5,75.0,2026-02-06
U0009,P0016,5,451.95,2025-05-04
U0068,P0041,3,370.14,2026-01-16
U0410,P0190,1,1729.92,2025-08-30
U0275,P0037,4,1138.44,2025-07-11
U0474,P0033,2,187.9,2025-04-08
U0043,P0163,4,3317.28,2025-09-24
U0476,P0164,4,122.64,2025-12-28
U0333,P0098,5,92.95,2025-06-07
U0399,P0098,2,37.18,2026-03-10
U0271,P0050,3,104.22,2025-07-14
U0294,P0182,1,381.3,2026-03-24
U0006,P0089,5,851.5,2025-11-28
U0072,P0170,3,64.23,2025-07-16
U0067,P0195,2,237.74,2025-06-16
U0322,P0117,1,33.84,2025-03-30
U0104,P0041,2,246.76,2026-03-10
U0024,P0166,4,539.88,2025-11-09
U0287,P0087,5,1310.3,2025-07-16
U0377,P0033,3,281.85,2025-12-18
U0285,P0119,1,1805.09,2026-01-10
U0313,P0090,1,56.36,2025-10-25
U0172,P0048,1,7.99,2025-10-07
U0347,P0132,1,1675.76,2025-03-29
U0477,P0038,5,175.85,2025-09-02
U0009,P0098,1,18.59,2025-10-29
U0283,P0008,2,1342.36,2025-12-22
U0135,P0004,4,1237.96,2025-09-23
U0434,P0077,4,738.32,2025-11-11
U0231,P0103,5,904.55,2025-10-02
U0022,P0184,5,205.6,2026-03-14
U0132,P0022,5,131.3,2025-05-30
U0259,P0085,4,156.48,2025-09-06
U0494,P0177,3,45.0,2025-12-11
U0019,P0025,4,35.24,2025-10-08
U0322,P0091,4,149.28,2026-01-16
U0113,P0132,5,8378.8,2025-07-17
U0272,P0131,5,1059.75,2025-08-11
U0373,P0098,3,55.77,2025-08-20
U0357,P0158,5,195.8,2025-11-24
U0038,P0053,4,4567.08,2025-04-22
U0491,P0014,4,3563.28,2025-04-28
U0066,P0036,5,36.85,2026-03-14
U0453,P0023,1,57.71,2025-12-16
U0285,P0098,1,18.59,2025-11-02
U0247,P0151,3,160.38,2025-04-19
U0386,P0115,1,74.06,2025-06-03
U0316,P0004,2,618.98,2025-07-08
U0009,P0054,3,131.97,2026-01-22
U0390,P0185,3,215.7,2025-07-02
U0301,P0196,3,1469.25,2025-11-20
U0287,P0044,5,657.85,2025-10-28
U0158,P0019,5,290.0,2025-03-26
U0386,P0032,3,195.72,2025-08-02
U0415,P0145,1,152.64,2025-09-21
U0120,P0079,4,1750.36,2026-01-19
U0288,P0062,5,441.7,2025-09-23
U0452,P0024,4,1821.84,2025-07-26
U0111,P0164,1,30.66,2025-06-10
U0170,P0187,2,547.84,2026-01-20
U0337,P0187,4,1095.68,2025-07-16
U0005,P0143,3,180.6,2025-07-07
U0389,P0133,4,420.32,2025-05-09
U0271,P0192,4,6063.84,2025-10-07
U0195,P0177,2,30.0,2025-05-26
U0457,P0043,3,111.69,2025-04-20
U0481,P0170,5,107.05,2025-04-20
U0096,P0041,5,616.9,2025-12-31
U0368,P0138,1,447.37,2026-01-28
U0270,P0056,2,3022.96,2025-11-20
U0192,P0054,1,43.99,2025-08-14
U0460,P0131,5,1059.75,2025-10-01
U0219,P0138,3,1342.11,2025-04-11
U0483,P0109,4,562.0,2025-08-28
U0328,P0127,5,167.2,2026-03-16
U0313,P0103,3,542.73,2025-10-11
U0411,P0142,2,1920.46,2025-07-23
U0499,P0069,3,406.08,2025-06-04
U0167,P0148,4,92.28,2025-10-05
U0076,P0021,2,1708.76,2025-09-24
U0326,P0052,1,18.98,2025-07-24
U0166,P0089,3,510.9,2025-05-22
U0322,P0041,5,616.9,2025-04-01
U0319,P0126,3,2004.84,2025-06-23
U0363,P0118,3,400.14,2026-02-09
U0496,P0176,1,14.1,2025-03-29
U0326,P0075,5,57.9,2025-09-09
U0351,P0041,4,493.52,2025-08-10
U0166,P0195,1,118.87,2025-04-26
U0061,P0158,5,195.8,2025-07-16
U0218,P0066,3,202.92,2025-12-01
U0138,P0157,4,624.04,2025-09-24
U0404,P0082,1,85.71,2025-09-23
U0399,P0165,4,5563.44,2025-10-17
U0455,P0029,5,366.9,2025-08-31
U0226,P0136,5,949.35,2025-08-19
U0122,P0185,1,71.9,2026-02-28
U0290,P0053,3,3425.31,2025-07-10
U0419,P0048,1,7.99,2026-01-28
U0203,P0050,1,34.74,2026-02-10
U0389,P0189,3,96.84,2025-06-04
U0244,P0167,2,3455.72,2025-12-27
U0473,P0072,2,127.12,2026-01-20
U0269,P0072,5,317.8,2025-12-05
U0157,P0198,5,2227.35,2025-12-30
U0246,P0098,4,74.36,2025-06-15
U0025,P0146,5,273.95,2025-11-15
U0224,P0168,1,1776.66,2026-02-11
U0412,P0163,5,4146.6,2026-03-08
U0141,P0003,2,2218.56,2025-12-15
U0466,P0077,5,922.9,2026-03-23
U0037,P0086,2,715.26,2025-08-13
U0383,P0062,3,265.02,2025-06-29
U0205,P0103,4,723.64,2026-01-31
U0476,P0089,3,510.9,2025-11-12
U0140,P0107,1,165.58,2025-09-30
U0126,P0150,2,45.24,2025-09-05
U0021,P0158,4,156.64,2025-07-20
U0439,P0069,4,541.44,2025-05-05
U0359,P0036,4,29.48,2026-01-15
U0025,P0162,3,2396.28,2025-12-10
U0203,P0179,3,817.8,2025-05-10
U0294,P0017,1,49.45,2025-05-23
U0354,P0040,5,228.35,2025-09-28
U0210,P0114,2,95.1,2025-07-12
U0187,P0189,1,32.28,2025-12-28
U0044,P0092,3,796.71,2025-04-27
U0430,P0169,2,3135.84,2025-06-13
U0126,P0006,4,262.12,2025-08-05
U0175,P0082,5,428.55,2026-01-13
U0046,P0041,4,493.52,2025-12-22
U0214,P0067,2,679.8,2025-05-19
U0190,P0102,4,497.96,2025-05-01
U0263,P0069,3,406.08,2025-09-04
U0002,P0115,5,370.3,2025-05-17
U0398,P0006,4,262.12,2025-10-01
U0043,P0171,5,2024.95,2025-04-03
U0292,P0026,5,3189.7,2025-07-10
U0034,P0117,4,135.36,2025-09-15
U0190,P0018,2,78.98,2025-06-05
U0347,P0177,3,45.0,2025-10-23
U0050,P0079,5,2187.95,2025-12-31
U0174,P0053,1,1141.77,2025-08-18
U0470,P0071,5,178.3,2025-06-21
U0092,P0134,2,919.72,2025-07-04
U0400,P0165,3,4172.58,2025-04-20
U0293,P0122,3,88.38,2025-08-12
U0228,P0112,3,615.18,2025-09-12
U0400,P0082,5,428.55,2026-03-07
U0247,P0005,3,2952.03,2025-10-10
U0156,P0186,5,348.7,2025-11-11
U0333,P0182,2,762.6,2025-05-03
U0428,P0079,2,875.18,2025-08-16
U0275,P0121,4,2680.88,2026-02-01
U0173,P0106,5,464.25,2025-12-26
U0487,P0037,1,284.61,2025-05-31
U0137,P0197,5,434.95,2026-02-26
U0250,P0104,2,22.24,2025-10-24
U0443,P0029,3,220.14,2025-12-08
U0185,P0152,4,983.36,2025-07-30
U0064,P0014,1,890.82,2026-01-28
U0064,P0086,3,1072.89,2025-08-01
U0233,P0059,3,1100.64,2025-05-15
U0493,P0068,2,2966.72,2025-04-20
U0037,P0169,3,4703.76,2025-04-04
U0275,P0124,2,1117.74,2025-12-27
U0181,P0094,4,730.28,2025-07-12
U0173,P0103,3,542.73,2026-01-31
U0115,P0088,3,103.86,2025-04-28
U0495,P0188,4,378.88,2025-10-18
U0049,P0101,5,985.0,2025-10-08
U0449,P0167,3,5183.58,2025-07-29
U0110,P0159,3,2661.84,2026-01-07
U0122,P0038,5,175.85,2025-09-19
U0495,P0096,3,51.81,2025-06-16
U0010,P0199,5,549.5,2025-09-30
U0249,P0192,5,7579.8,2025-10-22
U0427,P0125,3,599.76,2025-07-12
U0051,P0168,4,7106.64,2025-08-31
U0023,P0040,5,228.35,2025-11-11
U0322,P0164,1,30.66,2025-12-16
U0211,P0043,2,74.46,2025-12-06
U0380,P0189,3,96.84,2025-08-10
