user_id,product_id,rating
118,31,4.5
64,16,2.5
91,35,3.4
266,46,4.0
2,41,3.1
231,36,2.9
35,27,2.5
413,6,2.1
186,17,4.3
169,48,3.8
460,10,2.6
398,19,3.8
449,38,4.0
401,44,2.8
363,12,2.7
207,26,2.7
166,12,1.4
372,40,2.0
309,48,4.6
376,42,3.3
204,37,4.4
391,48,4.3
153,39,3.4
315,24,2.2
91,36,3.2
386,38,3.6
165,7,3.6
433,7,5.0
25,12,3.4
402,22,2.9
472,5,2.6
235,16,2.6
152,12,3.9
148,3,3.2
490,10,2.4
39,34,3.2
357,30,3.4
186,14,1.6
467,13,2.0
258,39,4.0
464,27,2.9
399,10,4.3
127,18,3.2
238,40,3.9
427,2,3.1
15,48,4.1
473,39,2.5
483,15,2.6
314,35,2.8
223,43,2.5
93,8,2.6
327,36,2.3
364,6,3.4
181,36,2.8
362,31,2.4
266,42,3.9
417,27,3.2
484,13,4.2
47,45,3.3
50,38,3.9
460,12,3.9
470,15,3.9
62,20,4.0
278,2,2.9
230,15,3.8
10,21,3.8
201,38,3.6
257,14,2.6
226,33,2.8
313,40,3.6
5,40,3.1
165,1,5.0
119,29,3.7
261,10,3.4
139,29,2.1
221,15,2.3
45,35,3.6
452,25,4.3
491,48,3.8
50,17,3.1
155,5,3.7
29,10,1.7
469,27,3.0
289,36,4.6
265,3,2.8
500,39,2.9
296,37,2.3
390,5,3.2
37,41,3.1
411,37,3.2
299,15,2.6
94,39,3.3
310,42,2.5
64,14,3.5
13,21,3.2
43,48,3.2
80,25,2.7
73,30,3.7
384,37,1.2
194,43,3.0
495,12,2.4
37,14,4.0
199,25,4.1
495,13,4.8
327,13,3.6
225,44,4.2
265,33,5.0
311,22,4.7
236,35,2.5
334,4,2.2
440,42,4.0
467,26,3.2
15,44,4.8
211,19,3.1
4,25,2.5
165,12,2.9
321,2,4.5
171,48,3.5
291,45,2.6
62,25,4.9
494,25,4.1
361,34,2.5
422,18,4.0
263,2,4.3
165,35,2.4
93,31,3.7
255,19,4.1
91,27,3.5
420,22,4.6
456,5,2.0
19,16,4.2
491,25,4.3
121,6,3.2
208,16,1.5
342,7,3.6
437,5,4.8
155,27,1.9
498,18,3.7
201,21,3.7
404,36,2.1
20,32,1.5
117,30,3.8
209,22,4.5
236,40,2.8
145,28,2.9
96,42,2.5
177,25,2.8
166,3,4.4
305,43,3.7
409,5,1.8
67,8,3.2
463,36,3.8
459,28,2.5
329,2,5.0
403,38,3.9
138,15,2.5
170,13,3.7
163,16,3.8
328,12,4.0
292,11,3.5
389,12,2.9
27,49,3.8
320,45,4.5
285,13,4.3
425,31,2.3
337,13,2.7
170,27,4.3
149,28,3.9
493,39,3.8
103,29,2.7
91,37,2.6
83,46,3.6
225,45,4.3
369,21,3.8
493,38,3.3
358,29,3.6
408,31,3.6
303,43,3.6
137,30,3.3
334,12,3.2
456,28,2.4
178,20,5.0
384,5,4.0
44,20,2.4
456,20,4.2
28,34,2.3
84,4,4.6
409,27,2.8
464,30,3.0
178,47,4.2
70,49,4.3
473,30,3.1
297,26,3.0
429,21,3.0
52,5,3.8
294,45,2.5
57,45,3.4
303,40,2.8
71,49,3.7
448,8,3.9
461,15,3.6
140,43,2.6
134,14,2.4
465,26,1.0
466,33,4.5
137,18,2.7
421,14,3.4
115,2,2.7
113,8,3.4
297,27,3.1
249,41,3.4
25,25,2.1
217,9,3.4
388,9,3.5
73,35,4.5
263,43,2.9
125,39,4.2
101,20,3.5
430,11,2.9
446,48,4.0
213,46,3.9
371,47,3.2
325,37,4.2
30,8,2.7
435,32,3.6
100,46,2.3
34,44,1.8
36,18,4.0
311,21,2.6
435,34,4.1
201,12,3.2
221,35,3.6
135,43,5.0
101,22,3.2
424,6,3.3
232,6,4.3
354,42,3.5
316,35,3.6
440,39,3.6
74,40,3.1
355,36,3.4
440,12,3.2
334,49,1.8
213,45,4.4
448,10,3.8
309,12,1.7
399,36,2.2
139,33,1.3
343,16,1.5
268,21,2.7
377,15,2.9
299,32,3.6
144,5,2.8
221,18,3.6
91,34,3.5
37,48,2.4
461,28,1.3
60,11,3.2
197,41,3.0
312,35,3.0
16,20,4.2
395,7,2.3
244,46,4.4
157,19,4.4
227,15,5.0
16,25,2.8
206,4,5.0
238,43,2.9
331,21,2.1
221,49,3.6
160,37,2.9
293,18,3.3
383,30,3.3
169,17,2.9
30,16,4.1
82,45,3.7
9,7,4.4
234,35,2.8
412,3,3.2
418,34,3.4
29,15,3.6
383,13,3.5
60,13,4.0
312,7,4.2
240,3,3.2
427,19,3.0
169,24,3.2
298,5,1.5
242,28,3.4
181,49,2.3
470,14,3.3
104,11,4.3
19,45,2.0
332,30,4.0
381,27,2.5
35,1,4.1
26,28,1.4
463,38,2.7
425,30,2.6
260,6,2.8
349,25,3.8
372,39,2.5
489,45,2.0
433,4,4.2
112,14,2.9
6,6,3.6
26,48,5.0
449,39,3.8
116,12,2.7
79,12,3.5
344,17,3.7
158,36,1.7
134,31,2.5
497,22,3.5
308,40,3.5
214,34,3.1
206,42,3.8
128,24,3.2
67,29,2.6
393,8,2.3
95,42,2.0
117,27,2.4
462,10,2.8
165,6,3.9
234,37,3.6
482,6,3.3
57,47,2.6
235,15,1.7
45,17,4.2
1,43,2.8
355,33,2.8
157,17,3.7
30,21,3.5
279,8,3.1
213,44,2.1
374,40,3.1
17,43,2.9
20,3,3.4
188,18,3.0
288,19,5.0
224,37,3.8
109,12,1.2
48,37,2.1
366,44,2.3
120,15,4.7
433,1,3.5
31,2,2.8
271,49,3.2
83,17,3.0
29,19,3.7
198,39,2.3
493,43,3.7
97,29,2.4
417,34,3.4
434,38,4.1
205,31,2.5
458,6,2.0
267,47,3.4
170,47,3.5
192,3,2.3
178,49,3.3
469,31,4.8
241,17,4.8
445,40,2.3
142,46,4.4
258,27,2.5
252,34,3.0
14,5,3.5
252,18,4.3
444,33,3.2
447,19,2.6
175,48,4.4
421,15,3.5
325,30,3.0
471,24,4.1
222,10,3.5
285,18,2.2
432,25,4.1
291,41,3.6
453,19,4.5
76,20,3.4
1,35,3.6
296,34,3.2
425,16,2.0
221,10,2.6
340,2,2.8
301,12,4.0
337,9,4.1
202,9,3.3
456,25,5.0
388,3,3.2
122,20,3.1
330,16,3.3
381,12,2.2
2,44,3.5
143,42,2.4
217,13,4.7
44,23,2.6
270,25,3.5
298,6,3.0
48,34,3.6
368,18,3.3
131,49,3.0
28,35,3.6
344,15,3.2
5,38,2.9
288,18,3.0
138,12,3.6
310,7,3.0
475,43,2.2
386,7,3.3
211,34,2.7
277,37,3.4
327,9,2.5
248,49,3.8
202,12,4.4
330,21,3.4
44,39,2.8
137,29,3.3
188,25,3.0
413,3,2.9
296,43,3.0
121,8,2.9
287,1,3.2
373,42,3.0
381,28,3.7
500,15,2.3
181,46,2.8
265,8,3.7
3,17,3.9
160,34,4.1
299,36,2.8
309,47,4.5
86,42,2.5
390,20,3.7
164,16,3.2
196,16,4.4
4,12,3.4
21,3,3.2
55,43,3.4
334,38,2.9
253,7,3.1
354,12,2.5
193,33,2.8
226,23,4.2
170,46,3.3
23,37,3.4
191,48,3.6
93,13,3.5
471,22,2.9
337,21,2.4
45,32,2.5
301,11,3.8
435,36,5.0
360,5,3.2
44,12,1.9
364,26,2.4
62,34,4.1
435,13,2.7
401,47,2.1
240,6,4.0
155,22,3.9
224,16,1.9
116,27,2.1
93,12,3.2
63,17,1.9
150,20,2.9
409,30,2.9
297,38,3.3
111,29,3.7
478,47,3.3
388,26,2.0
416,44,3.6
154,31,3.5
207,28,3.8
126,44,2.6
401,7,3.3
447,18,3.2
144,13,2.6
350,49,3.2
243,30,3.8
115,8,3.2
18,49,2.6
400,17,3.4
285,32,2.9
471,21,3.6
482,36,3.5
40,24,2.8
259,23,3.1
373,21,3.7
166,1,4.0
419,40,3.0
24,15,3.7
176,2,4.7
176,4,2.7
131,16,3.6
279,3,2.4
171,44,3.1
13,20,4.0
126,45,2.7
491,31,1.2
93,25,3.1
429,15,3.6
148,21,2.3
349,15,3.7
370,25,3.7
85,40,3.2
352,20,3.8
87,13,3.8
442,48,2.6
359,14,3.3
422,19,3.6
270,20,2.2
467,11,3.0
249,40,3.2
40,11,3.6
269,26,1.9
62,16,2.1
470,18,4.6
437,48,1.9
47,47,2.9
397,36,3.8
364,1,2.8
351,29,3.9
349,43,4.6
147,4,5.0
428,10,2.9
296,4,3.9
405,2,3.6
79,8,3.9
477,42,2.6
291,35,4.1
408,30,3.9
97,23,2.6
449,41,3.5
25,33,4.0
164,14,3.8
40,30,2.8
132,17,2.6
217,21,2.3
306,44,4.5
330,17,3.6
469,28,3.2
423,10,2.3
277,14,1.9
124,49,3.6
47,44,4.6
336,32,3.4
318,41,1.4
249,48,2.7
102,38,3.0
18,19,3.4
162,38,3.9
361,38,3.5
409,24,3.9
443,31,3.7
434,41,4.0
323,37,3.7
17,17,2.8
195,1,3.1
390,14,2.9
480,2,2.9
120,5,3.3
292,12,3.2
226,21,3.8
136,22,2.9
119,28,3.4
138,17,3.3
99,19,3.4
353,40,3.7
397,33,3.9
55,24,1.2
77,12,2.6
315,29,3.3
53,38,4.4
246,41,4.3
330,12,3.2
9,49,3.1
452,24,3.9
26,45,4.0
110,34,1.7
326,34,1.7
427,1,4.5
490,38,2.9
111,25,2.5
391,29,3.4
275,44,5.0
307,38,3.0
104,29,4.4
35,21,2.6
457,31,3.5
108,2,3.6
352,49,3.4
426,46,3.2
245,15,4.0
182,1,2.3
486,28,2.5
195,15,3.1
15,46,2.2
434,40,4.4
360,1,4.6
168,25,4.3
448,12,3.9
135,38,3.0
337,25,2.7
321,18,4.3
105,3,3.7
191,47,4.8
451,31,4.1
164,18,2.9
170,48,2.6
60,12,3.9
247,41,5.0
464,19,2.9
356,42,2.5
278,41,2.8
399,9,4.6
365,38,3.8
457,28,3.1
178,18,4.2
424,13,3.4
293,16,2.8
321,40,4.4
224,47,3.3
269,20,4.9
22,48,2.8
138,23,4.0
82,26,1.0
52,12,1.9
8,38,2.9
79,43,2.6
398,9,3.4
308,38,4.3
101,25,2.3
41,22,3.0
192,5,2.8
346,20,3.6
146,20,3.2
383,28,1.5
495,9,2.9
47,18,3.6
250,11,2.1
463,14,3.5
411,35,3.5
256,13,3.7
435,28,1.9
7,23,2.6
7,24,4.2
193,35,2.9
320,47,3.1
401,45,3.5
150,44,3.1
258,11,2.0
371,20,3.2
345,43,5.0
307,40,4.2
250,20,3.2
344,49,1.6
208,32,3.6
498,10,2.4
473,33,3.5
387,43,2.4
242,14,1.5
172,8,3.5
295,4,4.6
463,19,4.8
41,27,3.0
359,19,3.5
135,39,3.8
424,32,3.1
233,34,3.2
148,5,4.0
476,15,1.5
396,15,2.6
448,42,2.0
307,42,4.2
264,34,2.0
261,12,3.0
324,11,2.8
93,32,3.4
257,41,3.5
361,37,4.1
70,48,5.0
18,16,3.5
163,15,3.9
105,16,3.1
280,34,5.0
87,10,3.9
177,23,3.6
83,34,3.0
414,9,2.2
258,40,4.8
132,36,3.9
357,40,3.6
34,11,3.9
139,4,3.3
474,43,3.9
403,6,4.2
346,9,3.7
489,14,4.2
32,7,3.3
265,34,3.6
390,22,3.3
273,44,4.2
129,33,2.8
12,12,3.0
118,23,2.4
53,42,4.1
81,11,3.5
460,8,3.2
85,30,2.0
112,1,3.4
226,17,3.7
237,19,3.0
473,31,5.0
424,2,4.0
94,41,4.2
116,8,3.9
95,36,3.4
4,43,2.7
350,6,2.5
75,20,1.5
229,28,1.8
8,36,2.9
225,47,4.4
228,29,3.1
261,13,2.7
95,32,3.5
69,25,2.5
371,45,4.1
459,23,3.0
327,33,3.7
132,42,3.2
375,17,3.3
160,47,4.9
198,8,2.7
213,48,3.7
156,23,5.0
336,44,3.2
339,6,3.6
15,38,4.1
305,46,3.8
153,49,3.4
496,47,4.5
145,29,3.6
90,13,2.8
166,2,4.4
359,17,4.9
365,39,4.9
421,19,3.4
54,46,2.1
91,2,2.3
298,19,4.7
425,6,2.5
490,13,4.3
22,10,3.6
487,34,2.3
108,3,4.0
332,27,3.7
421,18,3.7
230,31,2.5
354,21,2.5
190,14,2.9
304,5,1.5
76,24,2.1
89,30,4.3
338,36,3.2
357,34,2.7
346,1,3.3
359,6,3.8
143,12,2.7
426,5,3.8
84,3,4.2
112,9,2.8
62,22,2.9
471,2,4.2
49,23,3.6
209,11,4.6
45,37,3.2
73,33,3.9
197,43,1.6
266,31,2.7
109,14,1.0
142,44,4.3
358,36,2.9
476,19,3.4
26,22,2.6
301,24,3.3
341,2,3.3
119,31,4.6
435,35,5.0
98,21,2.6
465,32,4.4
56,23,4.2
274,29,4.2
18,15,5.0
45,33,4.7
449,29,2.8
296,11,2.6
5,39,5.0
108,4,3.8
404,33,3.4
312,6,5.0
284,40,3.2
454,45,3.6
460,11,3.2
298,18,2.2
134,28,4.4
236,7,3.5
249,27,3.6
47,46,5.0
409,29,2.3
205,45,2.7
92,31,3.6
229,22,3.5
372,42,3.9
407,49,4.7
109,17,3.2
400,7,2.8
239,3,3.0
412,36,3.1
290,1,2.3
359,28,2.2
239,4,4.6
445,1,2.4
143,13,3.5
43,37,3.3
83,44,3.6
150,33,2.8
423,26,3.5
62,4,1.6
331,22,4.0
247,12,4.0
158,32,2.9
34,35,3.7
296,33,4.1
96,40,4.5
8,42,2.7
447,3,2.5
416,39,2.4
414,23,3.1
463,47,4.5
70,39,3.1
358,37,3.6
159,15,2.8
114,36,3.6
47,15,2.7
335,34,2.8
192,29,3.9
273,8,2.1
138,18,3.2
51,24,2.0
119,4,2.0
492,35,2.5
180,43,3.4
169,47,3.9
158,33,3.7
183,38,2.7
407,48,3.6
478,46,3.0
128,20,2.9
383,41,2.2
334,20,3.6
356,32,4.3
434,7,2.5
137,27,4.6
468,38,3.9
423,27,4.7
85,38,3.6
3,15,3.8
437,4,3.3
349,38,3.6
334,6,4.1
196,17,2.4
283,44,2.9
242,25,4.6
103,6,2.5
406,33,2.7
63,35,3.5
323,8,2.4
78,6,3.4
41,20,3.4
377,21,2.8
299,46,3.4
430,22,3.2
394,45,2.5
410,26,4.3
70,45,3.7
444,20,2.6
391,49,2.7
352,23,3.4
239,2,4.2
434,39,2.6
291,24,2.6
325,31,3.9
279,18,2.2
411,33,2.7
486,30,2.2
29,16,4.2
409,31,3.6
340,43,3.4
486,31,3.7
197,34,3.4
105,5,3.3
75,16,2.6
342,11,4.6
30,6,3.1
97,12,2.8
111,26,4.0
107,38,3.8
238,38,3.9
449,40,4.6
67,15,1.2
343,19,2.6
185,16,3.8
455,39,3.1
494,20,4.8
497,21,4.2
45,3,2.1
16,24,4.5
341,5,3.7
159,48,3.1
359,25,3.8
110,29,2.6
281,35,1.9
160,32,2.6
107,21,3.6
122,24,4.1
132,27,3.2
87,8,2.6
36,14,3.6
349,42,4.7
205,32,4.6
358,43,2.6
53,26,3.9
243,42,2.5
87,19,3.8
13,23,3.0
12,2,3.5
122,22,3.2
245,42,2.6
439,10,3.1
68,20,2.0
263,34,2.7
277,25,4.1
289,17,2.6
338,32,4.1
190,27,4.8
382,44,5.0
262,35,2.5
208,15,3.0
71,29,3.7
183,19,5.0
33,25,3.1
187,40,4.7
269,22,3.1
178,11,2.7
223,36,2.8
64,19,3.0
216,23,4.1
378,27,2.6
389,13,4.2
244,47,4.1
156,38,3.4
122,35,4.7
141,44,3.3
48,27,3.4
198,18,3.0
319,47,3.7
272,35,3.4
134,26,4.6
218,21,1.8
248,15,2.4
57,49,3.5
354,45,3.6
290,4,2.4
237,35,3.8
455,38,4.2
424,3,3.3
393,22,4.4
20,24,3.9
37,15,3.2
417,15,3.0
436,37,3.2
276,19,4.0
52,7,2.0
311,24,5.0
432,11,3.4
430,45,2.6
428,1,4.3
151,32,2.1
178,45,4.4
290,31,3.1
251,33,3.9
258,43,2.7
355,25,3.4
229,3,4.1
114,37,3.4
388,28,3.8
439,43,1.4
479,3,4.1
62,24,2.1
492,32,2.7
47,8,1.2
493,28,2.9
26,27,2.4
19,41,2.8
248,14,3.4
263,36,4.9
76,3,2.7
433,23,3.8
346,19,1.8
241,14,4.0
297,16,2.4
198,16,3.9
483,19,4.0
389,8,2.7
338,35,3.6
480,5,4.2
394,46,4.4
253,2,4.0
131,14,2.7
67,35,3.1
120,45,1.5
152,8,4.3
310,2,3.2
105,1,3.4
271,16,2.6
333,1,2.3
53,14,3.7
218,23,4.9
47,13,2.0
158,49,3.5
499,22,3.1
292,14,3.6
485,10,4.7
136,31,2.0
277,23,3.8
278,31,2.1
181,25,4.2
35,11,3.2
361,32,4.4
474,23,4.7
365,29,3.7
137,45,4.5
187,11,2.4
400,28,3.7
310,4,2.2
3,39,3.0
303,42,2.8
284,42,4.7
402,25,4.8
250,27,3.5
40,16,3.8
497,20,3.8
392,34,2.7
98,17,3.3
242,47,3.6
413,17,2.3
187,42,3.0
50,40,4.3
61,21,2.7
152,11,3.6
170,30,3.3
338,34,3.4
260,3,4.1
458,11,4.2
92,44,3.0
312,4,2.8
419,44,4.1
481,21,2.4
346,46,3.0
68,21,2.0
259,20,2.7
106,18,4.6
491,49,3.8
2,48,3.0
420,21,2.9
330,34,2.2
332,49,2.3
410,19,2.6
145,39,2.6
315,48,4.1
243,7,1.0
465,33,2.9
326,33,1.8
109,18,4.0
115,35,2.6
349,41,3.2
279,36,3.1
168,17,3.5
223,40,1.8
324,45,2.5
458,44,2.8
230,9,3.8
359,42,4.3
395,5,4.1
371,35,2.1
79,13,3.2
177,39,2.4
129,15,2.2
431,25,2.8
287,6,3.7
340,3,2.9
142,20,3.6
448,6,4.2
282,2,2.6
43,47,3.1
227,44,1.9
477,3,4.4
76,25,2.3
441,30,4.3
8,41,2.8
12,44,3.9
151,30,4.1
110,26,4.1
35,14,3.1
240,1,2.2
1,36,3.3
410,13,3.6
400,44,3.2
256,9,2.7
383,22,2.5
77,34,3.3
447,49,3.7
336,29,2.0
212,5,5.0
279,13,2.8
69,20,3.3
350,47,4.3
232,2,3.7
241,19,2.1
378,49,3.9
337,35,3.3
56,13,2.8
154,26,3.4
385,20,3.7
357,43,2.8
245,43,5.0
375,43,3.5
200,37,2.7
469,16,3.2
353,35,3.0
335,32,4.5
300,28,4.3
31,42,2.8
67,9,3.8
267,42,4.3
328,28,3.2
60,10,3.6
165,5,3.9
318,27,3.5
199,43,2.5
172,1,3.5
422,4,2.6
406,18,3.9
199,22,3.2
207,27,3.6
65,27,4.0
255,15,1.9
295,5,2.4
396,36,4.5
13,25,3.4
51,45,4.1
93,38,3.1
34,45,4.3
300,27,3.5
458,5,3.9
12,9,4.6
111,46,4.1
304,2,3.4
473,26,3.9
288,30,3.1
114,33,2.6
314,20,4.0
220,10,3.9
364,4,3.3
277,47,2.9
96,24,2.7
319,28,2.4
300,26,2.8
315,28,4.0
282,4,4.0
193,23,2.2
152,13,4.6
386,49,2.5
66,27,2.6
289,33,2.5
139,41,3.8
133,6,3.8
56,10,3.6
387,30,2.7
476,4,3.5
146,44,3.7
42,7,3.3
401,25,2.7
480,1,3.7
120,13,3.4
299,23,1.7
29,14,2.5
20,2,3.0
356,41,2.8
40,43,3.2
342,6,3.1
200,16,3.5
361,33,4.9
75,25,3.3
428,2,3.2
500,38,3.6
146,49,3.1
313,43,4.4
18,8,4.8
289,12,2.0
353,15,2.7
273,10,3.9
372,4,3.2
203,15,2.8
349,17,2.8
115,1,3.3
219,9,2.8
290,27,3.6
248,42,4.7
17,38,4.7
350,25,3.3
88,49,2.7
416,47,4.0
405,8,1.6
268,4,3.1
117,21,3.3
113,32,3.9
227,19,3.3
260,18,2.9
46,33,2.9
262,47,4.4
259,24,3.7
363,3,2.8
239,5,3.8
411,32,4.8
461,30,3.6
227,18,5.0
148,2,2.5
124,7,2.8
412,35,4.0
248,33,3.2
347,49,4.4
463,17,2.1
93,44,2.3
202,8,3.0
309,44,3.5
196,34,3.5
201,45,2.1
172,10,3.8
58,14,3.1
436,17,3.2
223,48,4.1
297,44,1.8
225,48,2.9
242,22,3.4
281,20,3.3
278,38,2.2
27,20,3.0
485,23,3.7
257,3,2.2
135,40,3.9
160,1,2.9
187,43,4.2
370,43,3.4
85,43,3.1
35,4,5.0
369,19,3.1
465,17,2.5
314,33,2.0
277,18,1.8
303,3,2.6
321,22,3.5
322,32,3.9
358,3,2.9
288,47,3.7
485,13,3.4
329,3,2.7
469,29,3.8
153,45,1.9
12,36,2.5
467,8,3.1
430,21,4.6
332,13,2.8
222,17,4.4
54,10,3.1
374,38,2.8
180,32,3.9
395,42,3.4
60,1,1.8
174,28,3.5
47,37,2.0
366,49,4.0
19,35,2.5
249,42,3.1
255,29,4.0
358,27,2.3
65,13,3.3
8,43,3.0
271,36,3.6
47,6,3.6
462,11,2.6
426,49,4.5
66,5,3.3
182,11,3.7
63,3,5.0
444,10,2.7
2,45,4.5
38,3,2.7
311,23,5.0
214,24,4.1
353,49,4.4
449,47,3.2
54,25,2.4
433,3,3.9
451,32,3.1
56,41,2.7
482,31,3.1
430,26,2.8
439,9,2.8
181,30,1.6
116,26,3.9
64,25,3.1
201,22,3.2
367,16,1.8
386,46,3.0
477,30,5.0
484,8,4.9
87,5,2.9
224,34,2.5
151,29,3.8
143,10,3.3
201,23,2.9
402,23,4.0
48,32,3.9
379,29,3.8
39,49,2.7
89,2,3.5
493,41,3.0
136,9,3.6
79,28,4.3
380,39,4.0
172,18,3.0
2,29,2.3
17,40,2.7
367,46,3.2
26,44,3.3
351,30,3.8
370,20,3.1
59,1,3.1
470,13,3.4
416,48,2.6
471,25,3.8
326,47,3.0
256,11,2.2
378,44,3.8
60,22,3.1
90,29,4.1
309,46,3.6
351,26,4.8
148,34,3.3
374,42,3.6
458,48,3.4
239,21,3.6
232,1,2.6
330,15,4.3
212,7,3.6
245,30,2.3
390,36,2.3
123,12,3.3
183,25,2.7
404,34,1.8
341,4,2.3
194,39,4.8
214,37,2.7
239,25,2.8
276,27,4.1
302,28,4.6
86,40,2.7
438,8,3.5
308,30,3.2
282,49,2.1
403,46,2.5
281,19,1.5
179,32,2.2
100,47,2.7
110,31,3.5
427,4,3.8
348,5,2.8
107,23,4.1
374,41,3.3
111,27,1.4
7,26,1.8
45,34,3.5
485,9,3.0
233,36,3.0
293,7,3.2
109,19,2.8
331,17,3.8
203,19,3.3
10,19,1.6
390,24,2.8
277,20,4.8
171,45,3.4
211,3,2.6
244,45,2.6
211,17,4.4
234,34,4.3
388,1,2.9
441,27,3.5
61,25,3.8
76,35,2.5
22,4,3.4
250,13,3.4
450,18,2.5
392,13,2.8
38,30,3.0
390,35,2.3
434,43,4.2
199,20,3.5
349,39,2.4
487,2,3.2
281,28,4.6
301,16,3.8
310,5,3.5
162,43,2.6
10,15,4.0
378,46,3.4
176,8,3.3
316,34,3.1
447,17,3.4
247,13,4.6
96,16,3.9
327,35,2.8
458,49,4.4
167,30,2.8
104,3,3.3
372,35,3.5
338,31,2.0
332,16,2.8
1,32,3.3
350,19,3.4
356,27,3.6
79,9,4.3
71,23,3.1
316,37,4.0
418,36,3.7
71,31,3.0
481,25,2.1
248,16,3.2
327,42,2.3
398,14,3.8
93,45,3.7
145,31,5.0
169,44,4.0
188,2,2.9
421,28,1.6
281,31,2.5
190,19,5.0
283,49,3.5
460,37,4.6
223,16,2.6
404,35,2.4
248,29,2.6
500,40,4.0
373,43,3.3
170,44,5.0
431,2,2.7
445,42,3.1
340,38,3.9
439,11,3.8
467,10,4.2
101,34,3.0
437,1,5.0
476,14,4.6
208,19,3.2
29,11,4.6
264,29,3.4
313,39,2.4
251,15,2.2
176,3,4.0
382,49,2.6
27,26,4.0
275,32,4.0
36,16,4.7
443,43,4.1
328,13,3.3
358,33,3.5
441,44,3.7
107,20,4.0
487,29,2.6
225,18,3.2
354,7,4.0
489,16,3.6
140,49,4.2
84,7,2.4
279,34,3.0
434,25,2.6
456,47,1.8
186,13,3.2
257,1,2.4
234,6,3.9
158,37,4.2
60,8,3.7
147,37,2.8
57,48,1.8
180,37,3.8
230,34,3.2
43,45,2.0
417,16,2.7
218,10,1.5
136,18,2.7
441,16,2.8
73,34,5.0
290,30,4.2
93,3,3.6
34,49,4.7
133,5,2.8
43,38,2.6
193,36,4.1
239,38,3.6
43,29,3.8
82,48,2.6
160,35,2.5
66,1,4.3
498,15,2.9
11,7,2.7
304,1,3.8
359,16,2.7
405,19,3.5
468,40,3.4
14,3,2.6
251,10,4.4
382,23,2.9
370,7,3.0
44,21,4.3
304,3,2.8
345,2,3.3
381,38,3.8
27,48,3.6
378,48,3.9
243,26,4.6
442,46,4.0
402,7,3.0
106,31,3.2
224,35,3.4
279,33,3.4
58,19,3.3
420,3,3.5
131,15,3.8
333,4,3.4
121,41,4.2
55,20,2.1
153,23,3.0
114,32,2.7
123,32,1.2
382,13,3.9
350,44,4.3
176,7,4.1
147,2,4.6
360,4,3.6
124,23,4.1
267,23,3.4
289,22,3.5
144,11,3.1
299,33,3.9
315,26,4.3
390,25,1.4
114,34,3.1
193,34,4.1
399,18,3.1
409,28,3.0
173,25,3.1
141,31,2.8
90,26,2.9
443,21,2.8
338,46,2.2
291,32,3.4
21,18,3.6
470,17,3.1
142,49,4.0
424,5,2.9
341,45,2.9
331,27,2.5
23,48,3.1
99,15,2.7
399,8,3.2
470,41,2.5
173,37,1.6
45,36,4.7
408,29,2.4
367,4,3.0
136,36,2.7
394,49,2.5
233,32,3.8
86,36,3.0
183,16,4.2
465,20,3.7
381,34,3.3
40,41,3.5
348,20,4.0
27,44,4.3
472,7,3.2
38,19,3.1
219,27,3.2
285,9,5.0
27,1,3.5
186,23,2.6
45,38,3.6
443,42,3.5
456,13,4.1
379,26,3.7
314,34,3.7
5,42,3.8
185,10,2.8
317,34,4.1
486,10,3.0
221,8,3.1
383,31,4.1
64,15,3.8
9,1,2.6
332,14,2.7
205,37,3.2
108,6,2.7
217,12,4.8
153,43,3.8
180,36,3.7
494,15,3.0
200,45,2.4
285,10,2.9
239,6,3.4
365,30,1.5
306,49,3.6
10,16,4.4
345,42,4.0
6,2,2.8
75,44,4.1
75,31,3.8
416,45,3.2
149,8,2.1
51,8,1.5
63,1,4.3
9,6,2.7
151,31,3.6
42,21,2.4
169,20,2.8
14,4,3.2
175,45,3.1
199,24,4.4
498,14,4.4
287,8,3.1
388,37,3.7
171,47,2.6
480,3,3.8
128,30,4.2
487,5,3.7
412,40,3.6
487,35,3.9
236,1,2.6
482,29,2.9
343,20,1.3
31,13,3.8
477,13,2.7
46,24,2.9
166,4,3.1
256,43,3.4
72,35,2.1
171,49,3.8
279,37,4.5
356,43,2.2
203,14,4.7
168,18,3.0
327,32,3.4
448,13,2.8
316,32,4.9
17,36,3.3
299,28,2.6
475,9,3.3
259,18,2.1
295,49,2.4
257,39,2.3
443,13,1.7
200,49,3.5
463,16,4.3
203,16,4.0
236,29,4.4
445,43,4.9
264,30,4.3
207,30,3.9
482,28,3.4
247,42,1.9
403,22,3.0
384,2,3.3
499,20,2.2
222,23,1.7
129,21,1.6
9,25,3.6
442,45,4.4
257,40,2.2
453,17,3.1
69,21,3.0
37,1,3.5
415,14,3.0
153,40,2.4
376,39,3.9
240,2,2.9
394,44,3.3
436,28,4.3
59,10,3.7
489,6,4.2
59,12,3.6
12,11,5.0
466,48,3.6
374,14,3.1
192,4,2.9
491,30,3.5
199,10,2.7
485,35,3.6
388,31,3.4
451,36,2.7
396,34,3.6
372,34,3.7
271,8,3.4
457,24,2.4
40,39,3.5
459,24,3.4
70,46,3.3
253,32,2.8
175,47,4.5
440,43,3.1
32,1,4.2
474,38,3.1
326,32,4.2
291,6,3.7
391,44,4.4
392,40,2.2
363,40,3.3
309,20,3.1
370,45,4.9
399,4,2.1
196,15,4.0
72,37,4.0
255,16,3.9
393,9,3.7
322,8,2.7
134,46,2.4
448,9,3.4
283,40,3.7
451,35,4.2
150,32,4.0
404,42,2.7
91,48,3.4
16,23,5.0
58,36,1.0
474,20,3.0
88,13,4.5
446,49,4.9
459,46,3.6
347,45,2.9
484,45,2.0
228,31,2.6
145,27,4.1
203,18,3.6
149,29,2.4
365,43,3.5
124,29,3.4
420,25,3.0
40,42,3.4
151,27,4.3
220,19,4.3
157,28,4.3
283,16,2.9
474,40,3.2
226,19,2.1
424,22,3.3
55,17,1.8
37,19,3.7
168,14,4.5
364,2,3.0
293,38,4.3
55,49,2.4
271,41,4.3
130,36,3.0
290,2,2.2
354,9,3.0
316,19,1.8
361,36,3.3
24,13,2.1
49,25,4.9
183,17,1.4
196,19,4.0
254,38,2.5
155,25,4.3
170,26,3.2
449,25,2.6
304,16,2.9
129,20,4.1
47,28,3.2
253,1,3.9
202,13,3.4
319,15,4.0
391,47,2.7
232,5,3.0
148,41,3.7
386,40,3.1
53,15,4.3
140,48,3.3
292,19,3.2
395,20,1.0
363,41,4.1
254,25,3.0
273,47,3.4
206,21,2.4
163,18,3.6
167,28,4.5
329,11,2.1
362,35,2.4
417,21,3.1
9,46,2.5
183,21,1.5
43,36,1.4
263,5,5.0
385,22,3.7
155,23,4.1
425,27,3.2
98,40,3.7
220,13,3.9
112,20,2.0
122,17,3.3
337,12,3.0
15,45,4.2
232,10,2.5
445,16,2.1
435,10,3.1
416,28,3.4
279,47,1.1
77,5,3.2
210,8,2.6
431,20,3.6
43,30,3.5
311,18,3.3
30,10,3.9
253,3,3.2
92,24,2.7
435,44,4.6
495,20,3.5
195,28,5.0
297,17,3.8
471,16,2.8
364,9,3.7
9,38,2.7
148,6,2.1
272,33,4.8
27,47,2.7
67,7,4.5
124,2,3.1
21,47,2.6
364,3,2.5
473,28,4.1
385,24,3.4
126,32,4.4
306,48,3.7
168,12,3.1
477,26,3.5
315,30,2.8
405,9,3.9
284,30,1.9
139,40,3.8
170,21,3.2
414,10,3.0
134,27,4.9
336,31,2.9
366,38,2.7
79,20,3.9
348,44,2.4
243,31,3.7
154,29,3.4
151,26,3.8
43,46,4.9
322,16,3.1
468,42,3.6
391,41,3.9
254,3,2.4
92,48,4.8
446,32,4.0
37,18,3.7
449,16,3.5
125,2,4.1
57,37,2.2
180,35,3.8
76,23,3.4
174,26,3.1
182,9,3.8
216,21,5.0
279,10,1.9
438,37,3.6
436,13,1.5
385,23,3.6
273,46,2.5
164,19,3.7
167,17,3.9
117,28,3.4
358,9,3.7
335,35,2.3
24,38,2.1
344,40,2.8
320,37,1.4
261,8,3.5
456,7,3.2
96,41,2.6
135,41,3.9
461,35,3.3
188,14,3.1
59,8,2.1
215,3,3.7
120,29,3.1
376,27,2.2
51,48,4.5
140,10,3.2
32,31,4.1
217,8,3.9
331,26,3.1
362,11,2.8
199,28,2.8
224,6,2.2
184,15,1.6
248,17,3.0
33,3,3.4
210,17,3.1
470,19,3.9
33,22,5.0
451,34,4.1
489,25,3.7
9,28,2.9
162,41,3.0
286,24,4.0
123,27,1.5
147,13,3.4
133,2,2.7
419,21,2.6
244,44,3.6
326,35,3.2
130,32,2.6
299,37,3.8
24,20,2.9
389,11,3.0
44,15,2.7
349,19,1.2
483,16,4.6
21,22,2.9
472,1,2.6
234,36,4.6
371,32,3.4
243,28,3.5
19,48,2.9
346,10,2.9
380,40,4.7
347,44,3.0
269,25,2.8
172,11,3.8
219,19,3.1
348,13,3.4
146,45,3.1
191,44,4.7
382,34,2.5
459,21,3.4
71,8,2.1
124,22,1.4
200,18,3.3
434,27,3.7
494,5,3.6
398,11,2.9
408,39,3.0
190,18,3.4
208,7,3.4
70,1,1.6
352,38,3.3
131,10,3.5
291,34,3.7
54,48,2.7
102,6,5.0
422,17,3.2
159,43,2.1
311,40,2.3
428,4,4.0
381,40,2.3
81,6,2.9
309,24,2.8
414,8,3.6
88,35,3.3
62,23,2.7
383,29,3.1
25,49,4.1
396,49,2.3
340,42,1.9
57,36,3.7
5,23,3.0
216,20,4.5
140,23,3.2
324,13,3.5
287,42,3.3
341,38,3.3
475,47,2.6
40,10,2.6
138,19,4.6
146,21,2.9
451,49,2.7
308,43,4.2
347,46,3.3
189,4,4.5
304,36,1.8
55,38,2.8
166,14,1.9
375,15,2.8
487,7,4.2
116,10,2.7
330,29,2.1
305,40,3.6
426,45,1.9
251,4,3.1
191,21,2.2
277,32,2.9
7,22,3.6
75,49,5.0
4,24,4.1
40,40,4.9
487,6,5.0
61,12,2.8
182,13,4.4
359,26,3.3
498,6,4.0
247,9,3.3
295,23,3.4
125,6,2.1
333,5,2.1
43,44,4.1
206,1,3.8
462,33,3.2
350,27,3.5
15,9,2.5
455,41,2.9
51,47,3.9
110,14,3.9
138,16,3.6
153,6,2.6
432,44,4.1
444,12,2.3
312,8,4.0
30,29,3.3
252,43,3.7
176,21,1.0
259,22,4.6
296,32,2.9
93,11,3.6
21,5,2.9
268,17,3.0
175,44,3.6
351,20,1.6
418,33,4.9
18,18,2.9
186,20,4.2
280,32,3.6
74,39,2.3
216,6,1.9
355,37,3.2
491,6,2.7
172,42,3.8
197,40,3.2
366,46,2.1
134,34,2.8
110,30,2.8
107,3,2.5
447,16,3.1
277,7,3.1
75,14,1.2
140,9,4.1
397,10,3.5
160,36,3.1
112,18,3.7
393,17,4.0
454,17,3.5
7,39,2.6
265,35,2.3
144,10,3.3
479,41,3.4
76,21,2.4
432,20,3.8
423,29,4.1
453,18,3.9
303,38,3.7
300,30,2.5
149,49,3.5
16,15,3.9
421,16,4.0
338,13,3.5
18,14,2.8
38,17,2.6
72,29,3.7
435,27,3.0
64,17,3.2
179,44,1.7
151,46,3.9
89,29,2.4
298,25,1.8
59,13,1.8
65,10,4.1
492,33,3.7
243,27,2.7
288,15,4.4
308,39,3.4
376,1,2.6
168,21,3.5
46,21,4.6
95,37,3.4
302,42,3.3
166,29,4.1
46,1,3.0
263,6,3.5
247,32,1.8
297,29,2.1
243,41,3.7
305,11,1.5
384,3,3.7
67,10,3.1
112,24,4.7
215,47,3.9
494,4,3.4
72,40,1.1
39,35,3.3
189,1,2.8
88,27,3.0
414,13,3.2
428,3,2.7
148,1,4.6
359,15,2.8
419,45,4.6
340,26,4.0
191,11,5.0
486,27,3.8
29,18,3.2
200,47,4.7
197,20,3.0
457,13,2.1
131,18,3.7
260,4,4.6
318,31,4.6
499,41,3.2
486,15,3.2
338,37,3.9
187,41,1.9
247,33,3.0
142,45,2.7
156,42,1.6
101,24,2.6
133,9,2.1
48,25,3.4
55,40,3.7
139,6,3.9
378,43,2.8
186,42,3.6
336,40,2.2
186,19,3.4
450,5,3.8
262,19,2.9
66,7,3.9
165,30,3.6
38,16,3.9
218,1,2.3
48,7,2.1
330,14,4.1
88,23,3.1
283,13,2.7
27,45,2.5
376,38,4.2
265,11,3.0
150,35,2.1
377,17,3.8
114,35,3.4
205,13,3.7
145,20,3.0
297,35,3.4
216,35,1.9
428,5,3.3
283,15,2.9
63,2,4.1
271,34,3.5
88,19,3.4
398,13,4.8
304,7,3.0
44,37,3.8
420,7,2.7
55,42,2.9
337,11,3.9
484,11,3.4
416,17,2.0
179,35,4.3
343,15,2.9
147,5,3.9
2,37,2.9
410,27,3.2
500,41,2.7
305,39,4.5
163,14,2.2
312,18,3.7
422,14,3.3
266,38,2.8
234,19,3.1
477,27,3.0
158,35,2.8
318,15,3.0
371,44,2.6
209,24,3.0
155,20,4.7
73,20,4.0
407,44,3.9
185,13,3.0
197,30,3.6
181,45,3.0
283,45,3.8
432,23,2.9
161,13,2.8
212,1,1.1
455,40,2.8
217,3,3.6
158,8,4.4
127,19,4.2
396,25,3.8
427,3,2.7
26,49,3.4
406,7,1.1
466,36,2.8
392,28,1.6
497,9,3.3
343,38,2.7
489,19,3.3
127,15,3.6
66,2,3.2
268,49,2.7
395,49,1.1
287,4,4.5
208,34,3.5
42,24,3.7
2,49,2.8
204,33,2.8
341,40,1.4
362,40,2.6
3,19,4.8
158,22,3.8
369,20,4.3
298,14,3.9
65,30,1.3
406,16,3.8
75,10,3.9
105,2,3.0
476,18,4.2
411,19,2.5
121,35,4.9
41,23,3.4
426,48,3.4
180,14,5.0
471,3,1.7
377,46,4.6
164,4,2.8
429,23,3.2
451,37,3.3
47,30,3.5
82,49,4.7
223,44,3.9
331,16,3.1
219,12,2.1
66,24,3.2
450,27,4.7
170,28,2.5
444,32,2.8
272,34,2.9
103,23,3.2
276,16,3.2
460,16,4.6
467,46,1.8
437,7,3.3
103,22,3.0
389,42,3.3
477,31,3.6
53,24,2.4
457,43,3.3
140,12,4.1
481,15,3.1
439,8,2.1
206,22,2.6
459,20,2.9
301,10,2.3
337,18,3.7
11,15,3.5
141,45,2.3
136,10,4.4
75,32,2.6
379,27,4.8
380,43,4.1
64,46,2.0
159,35,2.8
78,12,4.3
237,32,3.7
197,23,2.7
163,41,5.0
474,42,2.7
241,28,2.6
342,2,2.3
239,7,4.0
167,27,3.0
320,12,2.6
217,23,3.3
467,21,3.0
160,33,3.9
345,35,1.4
327,45,3.2
412,33,3.3
340,40,3.1
120,44,3.9
418,35,3.9
410,30,2.7
271,35,3.5
483,34,3.7
272,37,3.8
265,32,2.4
394,5,2.1
201,36,2.8
354,3,4.9
441,28,3.9
15,47,3.3
329,12,2.6
200,44,2.6
356,4,4.5
144,12,2.1
286,33,3.5
297,28,4.2
48,33,4.1
467,12,3.7
134,22,4.2
341,6,4.2
46,38,4.2
146,4,2.5
11,3,2.8
484,32,2.6
287,7,1.8
31,11,4.5
392,35,3.6
474,2,3.0
33,23,4.0
186,44,2.1
247,7,3.7
156,29,3.3
488,24,1.9
155,6,2.6
308,31,2.4
440,41,4.0
226,16,3.0
60,15,4.0
357,19,2.6
4,23,3.8
14,6,5.0
153,20,3.4
82,47,2.9
303,14,3.9
66,48,2.3
301,13,3.1
172,7,2.2
413,15,4.2
127,16,2.4
318,28,3.0
19,44,2.9
207,31,3.6
323,41,4.0
49,22,3.0
155,30,2.7
297,30,2.5
22,30,3.7
264,33,4.0
346,12,4.6
251,2,4.6
118,26,2.6
203,17,3.4
447,23,3.0
8,26,3.1
322,30,4.4
298,17,4.0
171,9,3.5
367,47,4.6
437,6,3.7
153,27,3.8
144,32,3.3
105,7,3.0
393,10,3.4
491,45,3.9
28,33,2.9
120,17,3.3
302,31,2.7
13,43,2.5
180,24,3.4
181,48,4.4
282,7,3.2
342,49,1.7
245,14,3.8
452,3,2.9
252,35,3.9
172,29,3.1
128,25,4.3
268,22,4.4
478,32,4.1
346,11,4.6
458,32,1.8
341,7,4.0
105,42,3.7
446,45,4.0
461,42,3.2
280,37,3.7
429,9,3.0
5,43,4.2
136,11,3.6
83,32,2.9
103,24,4.5
254,11,4.2
31,8,3.2
344,19,4.0
325,27,3.2
48,9,1.7
151,28,4.6
477,2,3.1
492,34,3.6
320,27,3.0
81,12,3.3
408,2,2.6
409,17,2.7
307,41,2.9
312,31,3.2
189,42,3.7
339,2,3.6
116,13,2.5
412,4,1.3
492,37,2.3
244,39,1.6
106,16,4.0
198,14,4.1
347,47,4.1
378,42,2.2
500,19,2.7
42,22,4.3
202,10,3.0
489,48,2.2
429,16,2.9
127,14,4.0
353,42,3.5
166,21,2.6
350,18,2.6
283,38,2.3
490,40,2.7
149,2,4.7
1,3,3.8
67,3,3.5
150,8,1.7
485,41,2.4
212,29,3.6
51,46,5.0
177,21,3.4
439,37,3.4
201,8,3.2
373,41,3.1
170,45,3.9
126,34,4.4
120,6,3.9
34,41,3.9
232,4,4.0
122,25,4.5
32,45,2.4
462,24,3.6
77,4,3.3
272,46,1.8
24,37,2.6
28,36,3.6
199,12,2.0
411,34,3.3
105,49,2.9
292,8,3.7
435,33,3.6
72,21,2.5
446,21,3.5
229,26,4.5
103,44,4.5
393,24,3.7
50,42,2.9
155,31,1.8
410,7,4.2
73,32,4.8
161,47,2.5
488,13,3.4
83,49,4.1
371,36,2.4
51,2,2.3
44,25,2.8
387,38,3.8
17,30,1.7
392,32,1.7
58,27,2.8
311,35,2.9
183,18,3.1
282,5,4.4
228,12,2.4
322,23,3.4
469,26,4.1
421,17,3.5
109,16,2.2
458,26,2.3
140,13,2.8
444,36,2.5
344,14,3.7
406,17,4.7
269,1,2.8
157,45,3.4
304,12,3.2
401,49,3.7
19,29,3.6
398,8,3.7
86,38,3.9
478,18,1.9
319,48,3.8
481,23,3.8
24,14,3.6
455,35,2.1
414,30,3.4
384,27,2.8
132,45,2.8
385,21,4.3
448,19,2.3
346,13,3.3
247,23,3.7
11,1,2.4
131,41,3.7
191,13,3.9
459,25,1.3
343,14,3.0
192,1,2.9
285,46,1.8
52,42,3.9
469,23,3.0
132,2,4.4
147,6,4.4
267,39,3.6
154,28,2.0
245,41,2.9
367,37,2.9
73,3,3.2
123,41,3.2
415,27,2.9
319,44,4.2
254,4,4.3
231,35,4.0
228,23,2.6
315,31,3.7
423,31,4.3
9,2,3.2
261,15,2.3
67,13,4.9
348,25,3.3
74,43,3.1
283,3,4.5
460,19,2.7
429,14,3.7
443,44,4.2
51,7,3.6
308,47,1.9
454,44,3.2
360,34,3.4
408,26,2.2
8,40,3.8
41,21,4.8
32,48,2.2
227,40,4.0
2,47,2.5
8,9,3.5
406,14,4.5
6,41,1.9
20,20,4.2
281,30,4.0
21,4,2.6
352,25,3.2
23,31,3.0
430,20,3.7
500,13,1.1
61,20,3.0
68,46,3.4
158,20,2.9
197,5,3.8
168,19,5.0
2,26,2.1
227,14,3.7
188,17,2.9
368,15,3.5
127,41,1.8
462,13,3.3
34,12,1.0
489,7,3.1
208,17,3.4
3,14,3.4
229,27,4.0
129,41,2.6
89,25,2.0
54,49,3.0
36,19,3.4
379,30,3.2
372,14,2.9
336,34,2.2
60,9,3.3
275,46,2.0
482,15,1.9
114,48,4.6
106,14,3.8
425,11,2.6
266,19,3.5
122,42,2.7
263,47,2.1
111,2,2.1
45,25,1.9
228,45,3.2
495,10,3.6
11,14,4.7
140,42,1.0
55,41,4.4
213,17,3.9
184,44,4.0
377,18,3.2
179,34,2.1
240,49,1.9
402,34,1.9
351,31,3.5
326,4,2.3
336,49,3.6
231,32,4.4
271,33,4.1
498,16,4.2
260,38,3.1
489,15,3.6
378,47,3.5
446,46,3.3
117,31,4.6
328,9,3.6
458,46,4.0
307,5,3.2
104,39,2.7
301,9,2.7
333,3,2.7
456,41,2.2
440,31,3.1
457,33,3.0
250,33,3.9
252,32,4.4
25,21,2.8
73,37,3.3
203,32,2.3
399,13,2.4
369,7,4.4
46,6,3.7
260,7,2.8
441,26,2.9
276,15,4.0
129,27,2.5
375,18,3.4
456,39,3.6
192,19,3.9
445,22,3.5
437,3,3.1
171,29,3.4
123,38,4.5
321,42,2.6
145,33,2.9
44,30,3.3
425,28,2.6
403,10,3.0
88,42,4.6
336,36,4.3
9,3,3.9
222,4,3.1
75,47,2.6
241,1,3.7
459,10,1.5
479,25,2.3
369,10,1.5
214,12,2.5
275,36,3.5
155,24,2.7
251,3,2.3
277,24,3.9
35,10,3.2
392,38,2.8
90,5,2.1
183,32,3.1
276,6,3.4
220,38,2.3
247,8,4.1
499,24,4.8
470,48,2.4
13,37,3.0
322,27,3.1
204,7,2.6
229,9,4.2
278,8,3.2
81,48,3.0
26,17,4.6
464,20,2.5
190,16,3.7
39,37,4.2
274,28,4.4
235,18,3.9
79,22,3.3
64,42,3.0
45,41,3.4
327,37,3.2
354,47,1.8
17,41,4.3
247,26,2.8
364,29,2.7
474,41,3.8
255,17,3.6
384,4,2.8
358,34,5.0
414,4,2.5
159,39,3.0
499,21,4.7
213,14,1.4
496,48,3.4
414,31,2.7
333,6,2.4
65,8,2.0
237,43,1.9
354,24,3.6
165,37,3.3
475,49,5.0
109,6,2.7
62,5,3.1
16,10,4.5
87,15,2.9
433,6,4.0
218,42,3.0
246,18,4.0
478,36,2.7
441,29,2.8
199,39,3.0
217,4,2.8
236,2,3.9
117,29,2.4
128,21,3.4
32,5,3.4
223,9,3.9
200,24,3.2
356,34,2.7
270,33,3.9
407,28,3.1
233,35,3.4
22,28,4.1
242,27,4.1
303,36,3.6
209,14,4.2
15,43,1.8
233,33,4.2
94,23,2.0
188,19,3.5
347,31,3.9
23,38,3.4
262,9,2.8
399,1,2.9
476,17,4.0
419,46,4.3
420,24,3.5
450,14,2.9
239,17,1.5
174,44,3.2
207,18,1.4
157,18,3.6
490,16,4.2
406,19,2.6
6,4,4.2
416,46,2.6
258,42,4.3
4,3,2.2
429,17,4.0
41,31,3.2
256,8,3.4
396,33,3.3
87,9,3.1
69,41,2.7
363,42,3.3
177,17,2.4
370,18,3.8
477,29,3.6
368,41,3.8
312,27,2.9
29,17,3.2
50,8,2.8
485,12,3.0
179,31,2.2
409,36,3.3
47,39,1.0
276,34,3.8
293,14,3.1
417,14,3.7
275,37,4.2
70,47,3.1
157,16,3.8
401,46,2.8
479,8,3.6
337,37,4.2
237,34,2.7
353,30,2.9
98,25,3.1
349,40,4.0
318,6,4.4
140,1,3.1
353,17,3.0
254,13,2.0
182,32,2.6
345,41,4.6
69,22,3.8
49,21,3.8
168,10,3.3
153,21,3.4
185,22,2.9
184,41,3.3
277,46,3.8
306,8,1.8
312,10,2.5
376,41,2.4
168,31,2.8
260,15,3.3
7,42,3.0
10,18,3.2
469,12,1.0
100,35,2.0
320,44,3.9
150,13,3.4
308,14,3.8
184,40,2.2
191,28,2.7
372,30,2.5
315,17,2.9
389,9,3.1
101,37,2.8
59,11,4.2
433,49,1.9
134,2,3.5
388,29,4.4
479,45,2.5
225,46,4.2
357,38,3.3
355,35,3.1
161,45,4.3
227,17,2.4
88,31,2.7
391,46,3.5
487,4,3.9
365,40,1.7
418,19,1.8
420,45,2.3
118,27,4.0
187,39,3.7
94,45,3.1
278,43,3.2
252,7,3.1
403,2,3.0
432,28,2.2
97,25,4.0
36,48,4.1
267,46,2.6
393,15,4.2
239,16,2.8
146,47,3.1
498,19,4.5
362,8,4.6
124,26,2.3
249,6,3.2
221,17,4.6
493,42,4.3
401,21,2.6
357,37,2.9
105,40,2.1
267,43,2.7
410,23,3.9
500,6,2.0
220,43,2.6
107,34,3.7
99,18,3.3
136,43,2.1
141,30,3.0
33,21,3.2
188,31,3.1
240,7,4.9
167,31,1.8
81,21,2.1
52,6,4.2
241,34,1.0
258,38,2.5
139,5,3.2
72,36,2.8
246,39,2.4
167,16,3.9
129,25,3.1
112,8,2.8
500,27,2.3
183,11,3.7
311,20,3.5
30,9,5.0
179,24,2.7
339,1,2.8
20,48,1.0
152,23,3.6
99,41,2.1
127,21,2.6
164,41,3.2
410,31,3.4
289,35,4.3
482,8,1.6
353,43,2.3
465,34,4.0
153,41,4.0
197,32,3.3
94,38,1.7
211,18,3.5
252,14,4.4
47,33,3.3
296,16,2.0
465,36,5.0
360,12,2.7
390,37,3.0
464,29,3.7
466,47,3.0
126,48,3.7
104,8,3.1
394,48,4.2
372,43,3.9
392,21,3.8
369,26,2.3
410,8,3.1
165,40,2.9
290,39,2.7
97,21,4.3
342,47,3.5
140,8,3.7
63,31,3.1
100,48,4.3
452,21,4.3
16,8,2.3
249,43,3.0
20,25,3.2
352,40,2.9
292,13,4.1
156,4,3.9
201,40,3.5
496,35,2.7
42,20,2.9
230,11,3.6
468,5,2.8
48,36,3.8
74,38,3.3
251,5,3.2
287,5,3.8
261,37,2.6
55,13,3.4
246,10,4.0
38,15,3.0
431,23,4.8
110,1,1.9
471,20,3.0
387,42,2.3
212,16,3.4
226,12,3.7
139,43,2.8
317,43,4.5
328,37,3.2
498,11,2.9
18,17,4.5
245,39,4.3
263,4,3.1
259,25,4.0
120,36,2.7
32,17,3.9
154,30,3.0
180,5,2.5
77,47,3.7
170,49,3.9
458,29,3.4
134,30,3.1
490,42,2.4
189,7,2.6
124,37,4.3
209,8,2.6
150,21,1.4
138,21,3.6
12,35,1.1
457,1,2.2
111,7,2.6
92,27,3.9
324,8,3.3
123,6,3.0
149,31,5.0
93,9,3.6
476,16,3.8
209,6,2.8
443,38,3.8
454,49,4.7
109,15,2.0
213,27,2.4
226,15,3.1
294,38,3.2
410,28,2.8
110,6,3.9
256,40,3.2
205,1,3.6
400,5,2.1
69,2,3.1
83,47,3.9
360,25,2.5
136,7,1.5
334,30,3.4
256,46,3.4
218,20,4.4
305,49,2.7
117,18,4.8
362,12,2.7
119,27,2.7
133,7,3.8
229,7,2.6
412,37,3.5
252,2,2.7
176,31,3.4
336,20,2.9
268,20,3.3
457,45,4.1
297,31,4.1
323,23,2.9
202,23,2.7
142,25,3.8
198,15,4.8
137,26,3.4
322,29,3.5
382,18,2.9
49,20,5.0
185,19,4.0
197,42,2.5
9,32,3.3
342,24,2.1
428,6,2.9
71,17,2.8
302,40,4.0
259,5,3.1
453,3,3.0
282,3,4.2
308,24,2.4
126,36,3.8
278,42,4.7
143,5,1.8
183,2,3.1
157,32,2.5
188,46,3.7
478,33,4.3
97,20,3.1
65,18,2.6
489,12,2.9
67,34,2.8
22,29,4.1
159,47,4.1
163,17,2.9
255,18,4.1
113,11,3.1
216,39,2.8
41,36,3.6
116,23,3.8
198,13,2.9
478,37,4.3
295,6,4.1
104,13,4.8
294,10,4.0
450,32,2.3
430,18,1.0
302,30,3.7
301,49,3.9
177,24,3.3
212,3,3.0
248,13,3.2
159,45,3.0
379,14,3.5
283,48,4.2
142,47,2.6
471,23,4.1
232,25,3.3
318,9,3.2
215,4,4.1
24,16,3.5
241,41,2.0
321,38,2.9
313,20,2.4
335,4,2.9
266,40,3.1
100,44,4.0
234,24,2.7
338,33,3.3
413,18,2.2
57,46,3.0
103,25,3.7
101,5,3.0
437,27,3.4
359,4,4.3
484,9,5.0
243,29,3.6
372,15,2.7
307,43,5.0
315,2,3.4
173,22,3.5
297,47,2.2
256,12,2.5
356,36,3.6
1,33,3.0
350,46,3.1
354,4,3.5
73,2,2.1
175,21,3.6
329,10,3.0
376,29,3.5
108,31,2.3
324,27,3.6
59,35,3.6
169,43,3.2
458,45,4.8
12,8,4.9
272,32,1.9
107,22,3.0
215,2,4.2
268,25,2.4
51,44,4.3
141,2,3.9
274,27,4.6
337,8,3.2
141,33,1.7
369,23,3.4
75,46,3.0
373,39,3.3
342,9,3.1
296,36,4.1
294,15,3.6
206,5,3.9
292,30,4.3
230,14,2.5
486,4,2.7
100,27,3.4
281,27,3.6
468,28,2.7
257,42,2.4
335,46,2.5
114,1,3.4
475,46,2.7
336,35,3.6
119,44,2.5
408,16,2.3
30,20,5.0
279,40,3.2
218,17,3.0
237,21,2.7
169,1,2.9
270,7,2.8
286,12,3.4
246,40,4.3
264,35,3.4
308,45,4.3
369,33,2.9
454,32,2.8
123,43,2.4
171,18,4.0
457,30,3.6
280,7,3.7
73,36,3.8
260,16,1.5
141,7,3.9
40,45,3.2
395,32,1.8
397,4,3.2
334,7,2.9
90,28,3.8
133,38,2.8
289,30,1.4
431,22,3.4
16,21,3.6
8,10,1.5
301,42,2.9
295,24,1.4
204,35,4.0
481,35,2.2
468,39,4.0
396,40,3.3
185,26,3.2
264,45,2.9
449,42,2.9
38,34,2.1
486,47,2.0
436,49,2.3
289,14,3.4
102,5,3.2
303,39,1.9
483,18,3.2
328,10,2.3
179,27,1.7
259,21,4.0
187,46,4.1
28,40,3.7
387,27,1.9
14,34,2.0
46,20,4.0
213,42,1.7
411,38,3.1
365,41,3.7
444,46,3.0
79,10,2.8
396,37,3.5
444,37,3.5
75,9,1.9
236,6,2.7
480,17,3.8
479,35,2.1
312,2,2.2
387,41,3.8
379,31,4.6
348,21,3.8
353,7,2.9
407,24,4.9
346,35,1.6
30,22,2.3
252,47,3.5
298,15,4.8
482,35,3.0
47,48,4.0
353,39,3.3
273,49,4.5
71,39,3.3
41,6,3.0
497,33,2.8
113,12,4.2
379,3,3.0
30,11,1.3
284,22,3.1
334,1,3.7
125,7,3.0
289,32,3.6
9,12,4.9
25,41,1.2
61,22,3.2
64,22,1.6
414,47,2.7
495,40,2.3
220,12,4.6
130,20,2.9
64,38,2.3
164,17,3.2
318,13,1.2
429,18,5.0
5,45,1.7
162,40,3.0
186,45,3.0
423,6,3.4
185,8,4.6
119,35,2.2
177,22,5.0
395,45,2.6
351,35,3.6
163,31,1.4
23,33,3.5
167,26,2.8
58,16,5.0
53,19,4.5
228,5,3.7
310,49,3.8
138,7,1.9
206,37,2.4
468,12,2.9
122,9,2.8
424,15,4.1
165,45,2.4
134,29,3.5
202,11,2.3
450,16,2.1
82,44,5.0
189,3,3.3
444,34,4.6
275,33,3.8
71,28,3.4
393,11,3.5
277,5,3.0
90,39,2.7
114,4,3.3
233,37,3.2
208,2,3.8
182,12,3.0
233,5,3.9
68,24,2.2
226,14,4.2
276,14,4.0
167,22,1.2
411,45,2.5
382,45,4.5
496,4,2.8
28,32,3.6
209,1,3.8
221,1,4.0
270,21,4.0
206,32,3.8
318,47,2.4
451,46,3.4
463,24,2.8
33,27,3.6
382,47,1.6
380,17,4.1
456,2,3.8
365,42,4.1
107,32,2.0
444,35,3.7
237,37,3.8
337,26,3.7
182,10,4.2
44,48,3.4
442,37,1.9
136,12,3.2
462,12,3.6
92,16,3.7
469,41,2.9
454,46,3.6
177,20,1.6
418,18,2.7
118,30,2.7
72,24,3.2
443,25,3.0
64,18,2.3
30,48,1.0
402,2,2.3
96,39,3.9
4,21,4.0
7,41,3.4
282,1,4.2
267,40,3.4
347,30,4.3
143,11,3.9
345,29,3.0
21,1,3.4
75,48,1.5
25,23,4.7
84,2,3.6
488,12,3.8
97,14,4.1
300,46,3.1
106,17,3.0
437,2,2.9
291,14,2.2
435,37,3.6
261,9,2.9
456,24,3.9
417,17,3.6
440,32,2.7
148,46,3.5
309,28,1.9
10,7,2.8
495,29,3.5
252,37,2.5
63,36,3.1
183,15,4.4
415,41,3.3
453,14,2.6
302,45,2.3
426,11,3.9
470,40,4.0
97,40,2.1
345,40,4.8
477,40,2.1
382,19,4.4
195,2,2.7
197,46,3.8
90,31,3.9
261,11,3.4
264,21,3.3
80,33,2.3
325,48,1.9
87,31,4.5
88,26,4.7
199,35,1.8
369,22,3.4
13,18,3.5
275,40,2.7
457,25,2.5
227,41,3.0
161,46,2.8
426,21,3.7
263,25,4.7
326,36,3.1
154,11,3.7
310,30,3.2
388,11,3.0
445,41,2.9
16,27,3.8
227,30,2.5
56,20,2.1
196,18,2.3
232,7,4.8
139,42,2.5
346,8,2.9
436,25,4.3
182,4,2.8
496,10,2.0
326,18,3.1
319,9,4.4
253,49,4.7
192,6,4.4
226,49,2.6
103,5,1.4
112,15,4.3
81,18,3.0
250,25,2.9
160,46,3.9
174,27,3.3
52,18,2.7
85,41,3.7
274,22,3.8
143,24,2.8
319,45,2.7
121,43,3.3
330,19,3.9
32,18,3.3
492,36,2.6
197,18,3.9
361,44,2.6
88,11,3.4
222,19,3.7
87,35,4.3
317,41,3.6
339,3,3.7
115,29,2.3
104,10,4.0
35,5,2.3
235,32,2.2
242,35,2.8
335,41,3.6
322,34,1.6
209,45,3.7
255,14,4.4
494,26,3.3
223,42,3.7
498,21,5.0
229,31,4.0
484,10,4.0
275,24,1.6
488,9,4.7
184,11,1.7
183,24,2.6
310,47,2.3
438,9,3.0
480,25,1.8
125,13,3.0
111,24,3.5
147,3,2.9
69,23,2.2
153,3,3.5
308,17,5.0
33,20,3.9
358,41,4.2
448,40,2.4
117,11,3.6
405,34,1.8
98,39,3.7
392,1,3.1
490,33,2.5
214,32,3.5
335,37,4.3
157,43,4.4
75,30,3.0
44,22,3.3
231,42,3.1
72,10,3.4
275,23,3.2
452,32,2.1
456,10,3.9
118,29,3.9
81,9,3.1
281,26,3.8
361,35,3.0
286,20,3.5
472,2,2.9
491,28,3.4
50,41,2.4
446,22,4.5
72,14,2.9
184,45,2.2
436,44,3.0
47,32,3.0
33,32,4.8
264,27,3.2
16,28,2.3
479,37,3.1
394,35,3.2
99,24,2.6
205,36,4.3
111,42,2.3
50,44,3.6
336,39,2.4
321,39,4.7
100,5,4.4
80,23,2.7
217,47,2.7
221,16,2.7
360,36,3.0
124,1,2.8
139,38,3.0
447,15,3.7
412,34,2.6
369,25,3.6
150,40,4.4
310,38,2.9
276,9,2.9
371,48,3.4
43,26,4.2
399,21,3.4
209,9,4.6
348,22,3.7
195,6,2.0
174,46,2.4
342,48,1.5
240,36,3.0
160,16,3.1
202,33,3.7
99,16,3.0
172,21,1.5
236,45,2.6
41,24,3.3
146,5,3.1
74,41,2.8
74,32,3.1
6,1,2.3
354,6,2.7
174,16,2.4
495,33,3.0
87,12,3.1
230,42,2.0
175,49,3.6
204,34,2.5
467,7,2.8
422,39,3.1
152,49,3.7
339,5,4.2
231,41,2.1
201,20,1.6
24,29,2.1
375,14,2.5
119,5,2.6
206,7,4.4
307,24,2.5
64,40,2.1
373,19,3.7
199,6,2.7
244,48,4.1
191,49,3.3
386,36,3.1
135,49,2.7
215,5,3.5
490,8,3.9
497,25,3.4
493,40,4.4
426,10,4.1
238,39,4.3
389,23,3.1
409,45,2.2
289,21,3.5
441,8,1.8
399,11,3.9
96,32,3.3
230,8,5.0
189,5,3.0
184,47,2.2
477,32,2.2
81,10,3.6
253,5,3.0
184,38,4.4
385,28,4.0
242,20,3.3
302,29,3.4
277,27,2.3
479,31,3.9
180,18,3.1
187,38,3.9
23,15,2.5
343,17,4.0
496,44,3.3
372,6,2.9
161,29,1.1
347,21,3.0
182,28,3.7
410,25,4.5
239,15,3.1
395,4,4.2
360,13,3.1
283,10,4.2
153,38,3.0
488,41,2.9
107,1,3.6
404,32,2.4
289,37,4.5
179,36,3.0
152,33,2.8
292,33,3.0
230,13,3.5
38,11,3.0
114,24,3.2
18,46,2.4
58,15,3.1
498,45,2.2
45,29,3.8
353,41,4.4
385,25,2.7
386,39,4.0
260,1,3.3
152,29,3.6
279,35,4.1
395,3,3.6
317,38,4.1
391,25,1.2
424,1,3.3
3,6,2.7
257,43,2.9
68,22,3.0
134,10,4.0
156,44,2.2
51,49,4.6
402,5,2.8
68,37,4.1
77,3,3.4
272,44,3.7
217,49,3.2
164,34,1.3
378,45,3.2
231,8,1.7
360,9,2.9
32,2,3.5
78,13,4.0
497,27,3.8
223,38,5.0
323,28,3.4
309,42,3.9
427,7,4.3
111,28,3.7
102,8,3.2
165,4,1.6
129,43,1.8
392,16,3.2
62,21,3.3
455,4,4.7
68,23,4.0
97,16,4.4
133,1,2.8
305,35,4.4
259,45,2.8
260,2,4.2
213,47,4.2
124,3,1.7
134,15,4.8
38,18,3.7
21,31,3.5
11,16,2.5
80,22,3.3
374,46,2.5
110,28,3.1
436,45,3.0
154,21,2.5
354,11,2.5
88,30,2.6
384,36,3.9
411,36,4.4
396,4,4.2
112,11,1.8
286,8,3.5
188,40,4.4
141,26,3.2
17,20,1.5
10,14,4.4
145,10,2.0
303,20,2.8
126,35,3.4
406,15,2.7
46,5,2.4
329,4,3.7
184,39,3.7
454,39,2.9
237,36,4.1
484,27,3.8
378,6,5.0
496,46,4.4
191,46,4.2
198,31,2.9
418,41,2.6
284,35,2.5
436,20,2.2
442,12,2.1
320,49,1.7
143,9,3.4
324,10,3.1
201,25,2.0
254,2,3.3
225,49,3.8
63,16,3.3
164,15,2.5
441,31,4.1
225,4,4.6
302,27,4.1
316,38,3.4
202,3,2.2
330,10,1.8
147,1,3.8
322,28,4.0
139,39,3.8
236,17,3.8
192,45,2.2
47,34,3.6
129,32,3.6
237,33,2.9
206,6,4.5
481,18,1.4
30,13,3.6
431,21,2.2
279,19,3.0
112,26,3.2
56,11,2.3
348,24,2.1
79,47,4.2
62,30,2.8
67,11,4.0
198,17,3.6
398,10,3.4
266,41,3.5
190,2,4.1
401,48,3.6
58,45,3.5
483,37,4.3
214,35,3.7
33,18,2.8
295,14,1.6
83,6,3.2
193,28,3.5
415,16,2.7
50,43,2.7
360,44,2.3
86,39,2.6
286,1,1.6
343,4,3.0
133,3,1.8
201,4,3.8
146,46,2.9
462,46,4.3
399,17,3.4
47,36,2.9
493,23,3.4
169,49,3.4
132,30,3.5
472,4,5.0
425,15,2.4
185,12,4.1
434,16,3.8
93,10,2.6
486,48,3.4
1,26,2.4
491,37,3.4
178,4,2.9
102,20,3.9
214,8,2.1
345,39,2.6
141,16,1.2
388,27,4.0
328,47,2.0
352,1,3.4
464,2,3.8
71,26,3.0
291,37,3.1
192,2,3.5
495,23,3.6
480,16,3.3
247,10,2.2
461,39,3.2
368,17,3.2
252,45,1.6
268,24,2.7
283,46,3.3
84,38,2.8
101,16,3.6
103,20,2.8
448,11,2.6
280,35,4.5
319,49,3.7
176,17,2.4
322,40,1.9
166,11,4.1
212,6,2.3
184,43,3.9
422,21,4.0
107,2,2.9
192,28,3.9
152,19,2.2
352,24,3.3
288,9,3.2
400,42,3.6
17,33,3.9
415,17,3.4
396,32,2.2
24,25,3.4
193,19,2.5
295,2,5.0
16,46,2.8
486,11,3.1
465,29,3.7
288,32,3.2
24,18,3.5
239,1,3.6
339,4,3.2
451,33,3.6
423,28,4.5
127,37,3.8
343,21,3.6
297,40,3.7
173,17,2.5
28,37,3.2
316,42,2.8
323,42,2.8
425,39,2.7
405,10,3.4
172,36,2.9
130,37,3.1
280,36,3.2
404,48,3.2
227,43,2.4
23,40,4.5
317,30,2.6
397,34,3.9
443,32,3.7
98,38,4.1
320,48,4.6
43,10,2.4
499,25,4.3
149,30,3.7
417,11,1.5
485,33,4.2
410,29,4.3
440,38,4.2
405,12,4.4
407,4,3.1
253,45,2.6
8,37,3.1
498,2,3.2
455,26,5.0
260,27,4.2
418,37,3.7
197,35,2.9
274,26,4.0
23,44,2.8
328,4,3.8
409,26,4.3
268,14,3.4
294,44,4.1
218,14,2.6
181,29,3.4
481,24,4.5
286,22,2.9
365,47,2.6
271,22,2.3
11,17,2.5
25,36,2.4
244,30,2.2
224,36,3.2
82,23,1.0
262,5,3.0
267,32,3.9
166,43,3.1
15,19,2.9
429,45,3.7
347,34,1.0
497,30,3.2
219,8,3.8
259,42,2.5
347,48,2.9
221,19,3.5
235,22,3.8
315,32,1.9
204,2,3.7
392,5,2.4
483,40,2.5
368,14,3.8
24,17,5.0
277,13,3.1
46,8,3.6
126,5,1.9
445,38,4.5
377,14,3.5
137,17,3.5
399,5,2.3
484,12,3.9
186,46,2.4
185,35,3.3
183,41,2.9
408,44,2.9
228,27,5.0
228,26,4.0
479,33,3.9
139,19,3.1
475,27,2.0
333,29,2.4
495,8,1.9
471,47,2.5
442,33,3.6
74,10,2.3
66,19,3.1
303,31,4.2
264,37,3.9
133,23,4.1
269,23,3.2
431,24,3.0
36,15,3.8
177,3,3.9
290,26,3.1
151,12,3.3
415,21,1.8
58,24,3.6
179,28,3.5
400,48,1.6
244,37,2.3
82,19,3.0
40,20,2.9
459,13,3.3
189,26,2.6
96,29,2.5
445,15,1.5
286,38,2.3
319,24,2.2
355,26,3.8
100,34,2.4
314,37,5.0
239,13,1.9
260,13,4.0
490,35,3.7
305,29,2.8
420,20,4.0
183,5,2.9
211,16,3.4
92,36,3.6
73,9,2.5
48,14,4.2
150,36,3.9
454,16,2.2
397,32,3.5
227,16,3.2
93,39,3.2
274,35,2.2
72,33,3.4
326,37,4.0
363,14,3.5
208,14,3.0
353,46,3.2
35,18,1.5
151,22,2.6
325,42,2.2
496,45,3.6
128,23,4.2
49,31,3.4
191,41,3.0
133,41,3.2
204,21,2.4
227,21,4.1
115,7,3.8
215,6,3.6
494,49,3.0
372,29,1.8
199,23,2.6
88,25,2.8
344,16,5.0
153,24,2.6
334,8,3.3
161,44,2.7
297,46,2.4
147,29,3.4
280,20,3.7
499,36,2.4
477,28,4.9
26,47,5.0
52,4,3.8
493,3,3.3
342,41,2.2
285,12,3.2
412,32,3.0
162,8,1.9
494,3,2.2
448,23,2.5
396,26,2.7
36,36,2.9
12,41,2.6
83,48,3.6
143,8,3.2
457,4,3.4
210,39,1.5
85,45,3.1
260,12,2.3
329,1,3.8
340,16,1.7
232,16,3.1
52,10,3.8
467,3,2.4
319,43,4.1
80,41,1.8
278,39,3.1
4,22,2.4
192,43,2.7
133,48,3.0
218,25,4.5
266,43,2.3
265,21,2.9
16,22,3.0
6,16,4.0
241,30,3.9
470,5,3.1
141,5,3.9
165,47,4.3
64,23,1.7
156,40,2.5
173,8,1.7
234,40,3.0
292,23,3.3
42,43,3.6
480,47,2.5
161,21,3.3
388,49,2.8
34,47,4.7
235,25,2.9
117,26,3.7
424,40,3.1
401,36,3.0
158,21,2.9
491,46,3.7
198,47,1.8
480,36,4.0
293,17,2.9
110,49,3.1
244,21,2.7
234,22,1.3
379,15,3.9
89,39,1.8
384,6,2.6
79,33,3.0
488,10,2.8
112,12,3.1
141,29,3.2
72,4,2.9
79,11,4.2
202,25,3.5
102,37,3.6
246,43,3.4
19,37,4.6
23,41,3.9
81,33,1.9
465,42,2.8
306,12,3.1
334,36,3.1
323,26,2.7
131,17,2.2
241,5,3.1
32,47,2.1
465,35,4.5
389,10,4.2
220,30,3.2
370,16,2.9
370,21,3.9
422,15,3.1
152,10,3.0
470,8,3.8
442,47,3.0
196,43,3.4
251,13,4.3
37,17,4.0
482,27,2.7
168,22,3.4
375,33,3.4
460,13,2.3
178,48,4.1
147,10,3.4
370,47,3.5
284,25,3.1
459,32,3.9
294,47,3.8
403,39,3.5
301,34,3.4
475,48,3.1
60,41,4.1
38,14,3.9
400,32,2.5
323,38,3.5
269,16,1.9
20,23,4.3
491,44,3.5
68,48,3.7
331,23,1.7
429,19,3.8
376,26,3.1
272,36,4.0
348,2,2.4
78,9,3.0
215,7,5.0
204,15,2.8
251,6,2.9
128,6,2.4
254,5,4.0
480,46,2.7
231,33,3.5
482,30,3.4
145,42,3.7
285,25,4.4
426,47,2.4
217,15,2.5
416,10,3.2
215,22,4.1
480,34,3.8
26,46,2.5
144,18,3.8
417,19,4.1
498,17,3.3
318,46,3.7
132,29,1.8
224,33,4.1
435,23,3.0
296,2,2.5
315,11,2.8
23,47,1.9
32,4,3.9
86,10,2.3
261,19,3.4
165,2,4.1
186,16,3.3
324,12,3.1
435,6,3.1
288,16,4.7
479,32,3.7
133,4,4.2
42,6,2.3
371,40,1.5
405,45,2.8
480,19,1.8
387,26,3.4
339,17,2.8
223,4,3.6
181,47,3.9
104,35,2.1
121,9,3.6
263,31,2.3
421,45,1.9
262,49,4.2
319,46,4.2
144,16,3.5
129,24,3.2
446,11,3.3
472,48,2.7
305,41,2.2
61,24,3.8
219,20,2.0
392,33,2.9
487,1,2.8
9,44,3.2
54,47,1.6
192,33,3.4
82,30,3.6
81,8,3.2
343,18,3.1
442,15,2.7
24,1,3.4
52,3,4.0
65,7,2.8
190,6,3.8
149,27,3.3
366,30,3.1
378,8,3.1
488,43,1.1
193,22,2.5
182,47,3.1
185,9,3.6
242,26,2.5
499,19,2.2
119,30,3.0
378,36,2.0
493,14,4.0
340,39,3.9
201,39,3.7
225,31,3.8
236,5,2.5
207,46,2.9
193,14,4.3
445,18,2.8
231,17,3.3
131,19,3.0
470,33,3.2
348,38,3.2
106,15,3.2
251,1,3.0
15,14,3.2
147,45,2.9
11,19,4.5
370,48,4.3
286,44,3.9
64,32,4.2
155,46,2.9
345,20,2.4
452,35,2.0
187,47,3.5
57,11,2.2
430,33,3.2
478,14,2.8
307,13,3.8
387,8,2.9
257,30,3.8
140,11,2.5
293,19,3.2
89,26,2.1
354,5,2.5
187,5,1.8
332,8,2.1
71,12,3.7
91,20,2.7
242,24,3.6
455,14,4.0
358,49,2.5
137,28,3.8
445,30,1.6
91,17,2.0
85,42,4.5
355,46,2.9
452,22,4.0
258,41,2.8
415,24,3.6
294,28,2.9
118,8,2.5
438,34,1.4
93,23,3.0
132,15,2.5
468,2,3.2
150,34,3.7
166,5,3.3
82,34,3.5
324,41,3.5
174,29,3.5
397,35,4.3
72,25,3.1
279,24,2.9
327,16,3.0
419,11,2.8
163,26,2.9
110,41,3.3
219,13,4.9
333,39,3.1
166,31,2.5
343,28,3.4
260,34,3.7
326,12,3.2
456,14,2.3
457,27,3.3
59,40,3.8
392,30,4.4
339,7,3.9
322,19,3.4
423,41,3.6
26,39,3.1
234,33,2.7
154,41,3.7
305,7,3.2
374,25,4.6
403,7,3.0
56,28,2.6
371,26,4.4
318,1,3.4
447,14,3.1
494,23,2.9
403,43,4.0
461,32,3.7
295,21,3.7
455,3,2.9
125,5,3.3
176,49,3.2
141,27,4.0
436,19,3.2
216,22,3.4
113,34,3.5
228,28,3.5
273,45,4.2
177,44,3.5
109,23,3.0
31,7,3.4
77,7,3.7
420,23,3.3
86,41,5.0
307,30,3.3
123,28,4.9
138,45,1.7
342,32,3.6
380,46,2.8
356,38,3.1
222,12,3.5
102,2,5.0
116,11,4.4
319,6,2.4
408,6,3.8
238,28,3.1
77,6,4.2
96,23,3.3
196,39,4.7
320,23,1.2
377,49,2.9
417,18,3.0
3,16,3.7
229,30,4.7
452,8,4.2
139,30,2.7
242,41,3.0
489,18,4.1
424,4,3.2
262,44,3.7
58,18,4.3
235,19,4.2
240,15,2.9
172,3,3.0
434,42,2.6
306,31,3.5
207,29,3.2
89,28,3.5
192,41,2.6
348,29,2.4
81,24,2.4
41,39,3.1
329,20,3.2
84,1,3.0
358,35,5.0
396,24,3.6
85,47,3.4
356,9,3.3
362,29,2.7
428,31,3.6
179,13,3.6
159,46,2.4
209,10,3.9
236,3,3.9
264,7,3.5
219,43,3.2
342,4,3.4
379,35,3.4
112,13,4.5
68,25,4.5
485,11,2.2
100,3,3.7
325,28,3.8
49,45,4.1
6,36,1.7
120,7,3.8
338,30,2.9
217,10,2.4
21,38,3.7
62,48,4.1
366,6,3.4
253,38,2.6
98,41,2.9
112,27,2.0
377,38,1.9
130,13,3.1
305,42,3.4
211,24,5.0
481,13,3.8
480,7,5.0
200,31,3.4
19,46,4.2
495,41,2.7
455,10,1.8
422,31,4.5
138,25,3.5
417,6,4.2
191,24,3.4
85,39,5.0
357,41,4.1
14,19,2.6
400,8,3.8
367,36,2.6
248,18,2.8
235,45,2.5
435,31,2.0
246,42,2.7
404,22,3.4
222,16,2.2
268,40,2.4
364,7,3.4
333,35,3.1
115,10,2.2
5,11,4.3
216,24,1.4
10,17,4.1
384,11,3.3
204,36,3.0
260,36,3.2
44,9,3.0
494,24,3.8
314,36,4.2
375,41,2.4
406,40,3.2
374,16,2.9
345,1,3.5
306,46,2.8
371,46,4.2
100,18,4.4
98,43,3.7
304,27,2.3
355,34,3.3
130,39,2.9
81,36,4.2
211,32,2.3
65,42,3.4
209,12,3.7
82,42,3.0
138,36,2.0
135,42,3.5
360,3,2.9
227,5,1.4
115,4,3.9
80,24,3.2
437,30,2.1
290,47,3.7
425,29,3.4
356,39,2.9
144,9,3.3
70,8,1.6
180,22,3.4
459,7,3.5
11,18,3.3
132,26,3.0
381,43,3.9
9,47,2.5
41,19,3.3
368,19,5.0
195,30,2.6
282,26,2.8
313,41,3.4
226,48,3.5
381,42,2.3
269,12,3.1
466,22,1.4
88,14,3.1
141,28,3.5
367,44,4.2
313,42,4.1
42,35,3.0
284,38,2.9
254,6,2.8
54,44,3.2
343,9,2.2
359,23,3.2
302,36,3.6
203,8,3.1
423,4,1.0
21,43,3.5
382,48,4.9
453,20,2.6
165,31,3.4
115,31,3.1
219,29,3.8
102,1,3.9
463,23,3.1
90,27,3.0
46,23,4.3
249,37,2.0
319,41,3.8
171,1,3.0
362,13,3.5
180,34,2.5
37,16,2.9
494,31,2.0
445,49,4.5
188,20,2.6
284,14,2.3
496,49,3.1
425,14,1.6
25,27,2.1
368,5,3.5
228,16,3.5
336,37,3.6
213,49,2.6
33,17,4.0
100,37,3.3
34,46,4.2
446,44,4.3
77,2,4.6
193,37,1.6
243,6,2.6
92,25,1.3
293,46,3.2
140,19,3.1
223,25,2.9
390,21,4.1
12,13,3.7
226,18,2.4
329,24,3.5
490,9,2.9
299,34,5.0
469,30,3.7
102,41,3.9
201,27,2.2
334,18,2.3
57,15,2.7
366,47,5.0
21,2,2.6
327,41,3.5
302,23,3.7
1,34,4.1
173,19,1.9
387,33,3.1
383,26,3.1
113,9,2.4
148,4,3.5
500,14,3.5
155,21,5.0
123,42,3.8
326,22,3.8
247,3,1.0
53,9,2.2
446,31,2.7
84,26,2.6
478,43,3.7
252,25,3.1
130,43,3.4
150,46,4.0
48,42,3.0
449,36,4.8
176,5,5.0
277,15,3.0
488,8,3.0
325,32,3.9
317,14,2.5
274,16,4.6
253,20,3.7
392,36,3.7
285,41,3.1
340,46,3.1
428,34,2.9
239,9,3.1
36,12,2.4
180,23,2.6
286,23,3.9
179,33,3.4
178,44,5.0
113,49,2.9
275,35,2.1
55,35,2.9
345,15,2.5
75,8,4.7
132,39,2.7
390,47,2.3
41,33,2.7
78,46,2.8
300,29,4.3
60,4,3.7
42,11,2.6
288,17,4.7
15,31,3.0
94,12,1.9
500,34,2.0
290,34,2.4
34,48,3.7
319,36,2.6
264,39,3.0
5,41,4.0
132,18,3.0
323,21,3.4
483,28,4.7
317,39,2.8
365,46,1.9
157,38,3.0
453,15,3.5
380,42,3.4
476,1,2.5
248,41,2.1
318,10,3.4
271,44,2.9
399,47,2.3
427,10,3.1
186,18,4.4
18,21,4.3
336,33,4.4
276,18,4.1
91,38,2.0
369,42,4.2
372,8,2.2
133,27,2.7
373,40,3.2
70,17,2.3
384,7,4.0
74,17,3.5
186,35,3.6
268,12,1.7
323,10,2.3
63,4,3.1
119,7,2.4
491,47,3.8
92,30,3.7
212,4,4.6
22,12,4.7
35,3,4.1
112,10,2.6
433,5,4.5
281,17,2.9
69,16,2.7
389,18,1.0
186,48,3.6
351,28,3.1
459,3,2.5
372,49,3.5
151,35,3.2
396,35,4.8
474,19,4.0
82,46,5.0
330,23,3.6
122,23,3.2
74,42,3.8
54,3,3.1
50,3,3.2
202,43,2.8
59,21,2.9
307,48,1.9
269,28,5.0
65,12,1.9
93,1,3.7
269,21,3.9
155,28,2.3
278,30,2.9
423,32,3.1
62,1,2.7
419,32,3.1
372,44,2.7
53,16,4.0
482,16,1.3
431,12,4.2
31,6,5.0
418,4,3.4
281,47,3.9
447,30,3.0
500,43,3.9
150,37,3.7
99,21,2.6
173,34,3.4
443,40,3.8
139,17,2.7
292,9,4.4
80,2,2.4
104,43,2.5
334,37,2.4
286,21,3.4
380,21,1.0
325,29,3.1
317,42,3.7
76,48,2.7
147,35,2.9
361,39,2.6
186,32,1.6
54,45,2.8
96,38,2.5
350,48,2.6
356,8,4.1
72,3,1.5
217,11,2.4
341,46,2.9
320,46,3.2
166,45,2.7
485,8,3.5
463,45,3.4
13,22,4.7
120,2,3.2
63,20,1.9
273,20,4.4
341,36,2.6
49,24,3.3
218,37,2.9
55,8,3.0
98,46,1.9
478,35,3.4
464,28,3.3
169,45,4.0
217,22,2.1
264,32,3.5
130,35,4.2
51,23,2.0
152,9,2.9
161,49,4.4
9,5,3.3
205,21,1.8
360,7,2.9
262,46,5.0
61,6,2.6
221,38,1.9
370,44,2.6
17,42,3.2
295,35,3.7
148,32,3.1
116,48,3.1
15,23,2.5
403,28,2.0
66,13,3.9
114,8,3.3
252,36,2.6
351,7,1.7
299,5,3.7
106,45,1.4
390,6,2.8
474,17,2.0
359,18,3.7
191,20,2.6
219,3,2.6
102,29,3.6
422,44,2.8
236,41,2.9
268,23,3.1
440,4,4.2
401,15,3.2
251,27,2.7
332,29,3.4
100,32,5.0
456,23,2.7
344,45,2.9
130,40,2.3
45,31,2.8
330,9,3.9
108,38,2.1
435,49,2.4
482,26,3.9
22,35,2.9
263,7,2.9
134,33,3.2
308,27,4.2
348,23,4.0
388,24,3.1
234,48,3.5
94,46,4.1
461,46,3.6
435,20,2.0
357,42,3.9
482,33,2.5
21,20,2.4
363,43,3.4
220,8,2.6
406,29,2.9
456,26,3.6
334,3,3.5
133,20,3.1
23,4,3.4
136,32,4.3
476,41,3.9
350,42,2.1
358,22,3.1
280,33,3.3
42,23,3.5
273,16,3.2
386,41,4.7
342,29,2.9
350,45,4.7
248,48,3.6
449,43,1.9
263,18,3.6
262,48,3.7
314,2,3.8
466,27,3.9
404,6,3.8
119,37,3.0
415,23,2.7
195,24,4.1
6,40,2.8
94,19,3.9
149,12,2.8
413,40,2.3
45,19,4.4
115,3,3.6
280,14,3.8
328,18,3.0
430,24,2.0
245,38,4.7
93,49,1.4
212,2,4.2
494,21,3.6
244,17,2.8
7,38,2.4
210,13,3.8
127,36,3.2
154,27,4.0
361,17,2.9
215,45,3.4
347,11,2.2
80,16,1.1
147,19,4.9
17,14,2.0
291,36,2.9
70,44,4.1
131,26,2.1
142,14,5.0
472,14,2.9
350,20,2.3
285,33,3.1
448,28,2.2
118,4,1.4
231,34,2.5
45,48,3.4
126,33,2.7
262,8,2.5
259,7,3.1
413,23,3.0
112,38,3.0
94,2,3.4
329,5,2.9
473,38,3.8
178,28,2.1
145,9,2.5
193,21,2.8
169,21,3.2
405,13,3.6
158,44,3.1
402,24,3.6
29,21,3.2
186,15,3.7
121,29,2.5
6,3,3.2
373,34,3.6
288,29,3.3
401,27,2.7
478,19,2.1
401,35,2.8
169,9,4.0
435,22,3.1
218,24,4.1
326,49,3.8
349,13,2.4
449,24,3.2
406,46,3.3
197,36,2.7
235,24,2.7
335,40,3.9
80,34,2.3
445,39,3.2
28,20,3.4
331,25,3.2
390,23,2.3
108,29,3.3
226,4,2.2
496,1,2.3
188,23,3.1
301,29,1.6
395,2,4.5
95,18,4.7
165,39,3.4
125,36,2.4
373,37,3.5
487,8,3.0
220,3,2.5
370,9,5.0
364,5,3.3
66,3,4.4
120,1,2.4
88,15,1.6
280,18,3.8
300,10,3.6
205,33,4.3
460,31,3.6
163,19,4.0
336,14,3.1
485,21,3.6
59,37,1.7
34,22,3.0
312,47,1.7
39,32,3.0
32,6,3.8
345,12,3.9
198,7,4.0
442,3,3.4
246,38,1.8
40,18,1.6
438,32,4.1
11,24,3.1
116,3,3.6
63,7,3.4
252,33,4.4
475,28,2.7
408,12,3.5
277,44,4.9
297,6,2.5
244,24,3.2
411,18,3.6
113,29,1.3
389,48,2.7
192,7,4.9
7,20,2.5
173,40,2.3
333,22,2.8
443,39,3.7
172,45,2.7
150,41,3.4
16,34,2.3
210,9,4.0
332,31,2.7
188,32,2.4
26,6,3.0
455,43,4.6
172,40,2.9
25,30,3.0
361,27,4.8
116,46,2.6
362,16,2.7
415,15,3.3
95,28,3.2
376,40,5.0
460,36,3.6
217,28,2.7
241,15,3.6
113,18,3.6
173,27,2.4
309,45,4.8
173,7,1.8
17,24,1.7
278,13,2.7
351,27,3.5
264,42,4.8
388,18,3.1
286,28,3.6
266,48,3.1
210,38,3.5
429,8,4.5
265,36,4.4
242,23,4.5
332,28,2.5
420,27,2.4
309,49,2.4
447,39,4.5
270,23,3.9
328,45,3.0
162,35,2.4
136,8,3.6
427,46,3.4
208,18,3.0
63,48,3.3
407,47,2.3
481,9,2.2
447,34,5.0
497,31,3.5
444,42,2.6
346,49,2.9
129,18,2.9
146,17,3.2
414,46,2.5
454,15,2.5
275,22,2.9
212,34,3.0
249,5,3.5
316,12,3.6
56,8,3.6
104,9,2.6
35,6,4.0
262,20,2.7
421,24,3.0
218,38,4.2
366,21,3.1
98,8,3.5
14,39,2.7
401,31,3.5
23,39,2.2
227,3,3.8
86,44,2.7
139,34,4.8
184,42,3.4
281,29,3.2
484,14,2.9
278,40,2.8
45,13,2.6
432,21,3.2
200,21,3.1
484,31,4.3
214,33,3.7
294,48,4.2
442,49,3.5
354,43,4.4
108,42,2.6
300,31,3.6
250,8,3.6
197,33,4.1
459,35,2.8
15,49,3.6
247,18,2.8
77,9,3.6
121,11,3.5
180,33,3.6
100,45,4.2
345,33,2.9
432,38,3.9
9,30,4.1
148,19,2.2
359,7,2.1
387,39,3.6
494,16,2.1
14,35,2.5
99,36,2.5
212,25,3.3
367,41,2.3
421,3,3.4
14,1,3.7
452,28,1.0
407,33,3.5
23,12,2.6
219,10,3.0
294,22,2.0
229,29,3.9
367,17,2.6
189,44,4.3
217,38,3.1
156,39,3.4
318,40,3.5
402,39,2.1
71,30,3.9
319,42,2.1
180,27,3.4
220,9,3.5
477,1,2.1
115,5,4.2
468,22,3.3
211,6,2.8
204,32,3.0
411,43,3.0
427,35,2.8
179,47,1.8
266,39,4.8
465,48,2.8
136,14,3.2
312,1,4.7
44,38,4.7
293,30,2.5
20,22,2.6
477,15,4.0
187,34,3.4
271,37,2.3
186,28,3.2
395,6,4.1
95,33,3.2
364,42,3.0
462,8,3.1
398,30,3.0
314,46,3.3
76,38,3.1
468,23,3.8
52,30,1.7
257,4,3.8
171,46,3.7
237,38,2.7
455,6,3.4
496,11,2.4
266,34,3.8
253,4,3.4
201,1,3.4
4,39,2.7
243,48,3.2
316,36,5.0
359,44,3.2
266,33,2.3
222,46,2.2
369,29,3.0
166,32,3.4
397,43,1.3
393,34,2.5
299,22,2.7
411,20,2.9
457,26,1.5
412,47,2.3
480,37,2.3
274,31,2.2
294,7,2.9
85,36,2.0
353,3,5.0
376,10,4.1
334,2,3.6
482,32,4.1
38,49,3.2
270,24,3.7
190,47,3.6
453,7,1.1
